1.62E-09,0
5.29E-05,1
5.30E-05,0
5.32E-05,1
5.33E-05,0
5.34E-05,1
5.35E-05,0
5.36E-05,1
5.38E-05,0
5.48E-05,1
5.49E-05,0
6.66E-05,1
6.67E-05,0
6.79E-05,1
6.80E-05,0
6.92E-05,1
6.93E-05,0
7.03E-05,1
7.05E-05,0
7.17E-05,1
7.18E-05,0
7.27E-05,1
7.28E-05,0
7.29E-05,1
7.30E-05,0
7.40E-05,1
7.42E-05,0
7.51E-05,1
7.54E-05,0
7.66E-05,1
7.67E-05,0
7.75E-05,1
7.76E-05,0
7.78E-05,1
7.79E-05,0
7.88E-05,1
7.89E-05,0
7.90E-05,1
7.91E-05,0
7.99E-05,1
8.01E-05,0
8.02E-05,1
8.03E-05,0
8.13E-05,1
8.15E-05,0
8.23E-05,1
8.24E-05,0
8.25E-05,1
8.27E-05,0
8.36E-05,1
8.39E-05,0
8.47E-05,1
8.48E-05,0
8.50E-05,1
8.53E-05,0
8.56E-05,1
8.59E-05,0
0.000178901,1
0.000179001,0
0.000179201,1
0.000179301,0
0.000179401,1
0.000179501,0
0.000179601,1
0.000179701,0
0.000179801,1
0.000179901,0
0.000180801,1
0.000180901,0
0.000181201,1
0.000181301,0
0.000192601,1
0.000192701,0
0.000193901,1
0.000194001,0
0.000195201,1
0.000195301,0
0.000196301,1
0.000196501,0
0.000197701,1
0.000197801,0
0.000198701,1
0.000198801,0
0.000198901,1
0.000199001,0
0.000200001,1
0.000200201,0
0.000201101,1
0.000201401,0
0.000202601,1
0.000202701,0
0.000203501,1
0.000203601,0
0.000203801,1
0.000203901,0
0.000204801,1
0.000204901,0
0.000205001,1
0.000205101,0
0.000205901,1
0.000206101,0
0.000206201,1
0.000206301,0
0.000207301,1
0.000207501,0
0.000208301,1
0.000208401,0
0.000208501,1
0.000208701,0
0.000209601,1
0.000209901,0
0.000210701,1
0.000210801,0
0.000211001,1
0.000211301,0
0.000211601,1
0.000211901,0
0.000303901,1
0.000304001,0
0.000304201,1
0.000304301,0
0.000304401,1
0.000304501,0
0.000304601,1
0.000304901,0
0.000306001,1
0.000306101,0
0.000317601,1
0.000317701,0
0.000318901,1
0.000319001,0
0.000320201,1
0.000320301,0
0.000321301,1
0.000321501,0
0.000322701,1
0.000322801,0
0.000323701,1
0.000323801,0
0.000323901,1
0.000324001,0
0.000325001,1
0.000325201,0
0.000326101,1
0.000326401,0
0.000327601,1
0.000327701,0
0.000328501,1
0.000328601,0
0.000328801,1
0.000328901,0
0.000329801,1
0.000329901,0
0.000330001,1
0.000330101,0
0.000330901,1
0.000331101,0
0.000331201,1
0.000331301,0
0.000332301,1
0.000332501,0
0.000333301,1
0.000333401,0
0.000333501,1
0.000333701,0
0.000334601,1
0.000334901,0
0.000335701,1
0.000335801,0
0.000336001,1
0.000336301,0
0.000336601,1
0.000336901,0
0.000428901,1
0.000429001,0
0.000429201,1
0.000429301,0
0.000429401,1
0.000429501,0
0.000429601,1
0.000429701,0
0.000429901,1
0.000430001,0
0.000430901,1
0.000431101,0
0.000442601,1
0.000442701,0
0.000443901,1
0.000444001,0
0.000445201,1
0.000445301,0
0.000446301,1
0.000446501,0
0.000447701,1
0.000447801,0
0.000448701,1
0.000448801,0
0.000448901,1
0.000449001,0
0.000450001,1
0.000450201,0
0.000451101,1
0.000451401,0
0.000452601,1
0.000452701,0
0.000453501,1
0.000453601,0
0.000453801,1
0.000453901,0
0.000454801,1
0.000454901,0
0.000455001,1
0.000455101,0
0.000455901,1
0.000456101,0
0.000456201,1
0.000456301,0
0.000457301,1
0.000457501,0
0.000458301,1
0.000458401,0
0.000458501,1
0.000458701,0
0.000459601,1
0.000459901,0
0.000460701,1
0.000460801,0
0.000461001,1
0.000461301,0
0.000461601,1
0.000461901,0
0.000553901,1
0.000554001,0
0.000554201,1
0.000554301,0
0.000554401,1
0.000554501,0
0.000554601,1
0.000554801,0
0.000554901,1
0.000555001,0
0.000555801,1
0.000555901,0
0.000556101,1
0.000556201,0
0.000567601,1
0.000567701,0
0.000568901,1
0.000569001,0
0.000570201,1
0.000570301,0
0.000571301,1
0.000571501,0
0.000572701,1
0.000572801,0
0.000573701,1
0.000573801,0
0.000573901,1
0.000574001,0
0.000575001,1
0.000575201,0
0.000576101,1
0.000576401,0
0.000577601,1
0.000577701,0
0.000578501,1
0.000578601,0
0.000578801,1
0.000578901,0
0.000579801,1
0.000579901,0
0.000580001,1
0.000580101,0
0.000580901,1
0.000581101,0
0.000581201,1
0.000581301,0
0.000582301,1
0.000582501,0
0.000583301,1
0.000583401,0
0.000583501,1
0.000583701,0
0.000584601,1
0.000584901,0
0.000585701,1
0.000585801,0
0.000586001,1
0.000586301,0
0.000586601,1
0.000586901,0
0.000678901,1
0.000679001,0
0.000679201,1
0.000679301,0
0.000679401,1
0.000679501,0
0.000679601,1
0.000679701,0
0.000679801,1
0.000680001,0
0.000681001,1
0.000681201,0
0.000692601,1
0.000692701,0
0.000693901,1
0.000694001,0
0.000695201,1
0.000695301,0
0.000696301,1
0.000696501,0
0.000697701,1
0.000697801,0
0.000698701,1
0.000698801,0
0.000698901,1
0.000699001,0
0.000700001,1
0.000700201,0
0.000701101,1
0.000701401,0
0.000702601,1
0.000702701,0
0.000703501,1
0.000703601,0
0.000703801,1
0.000703901,0
0.000704801,1
0.000704901,0
0.000705001,1
0.000705101,0
0.000705901,1
0.000706101,0
0.000706201,1
0.000706301,0
0.000707301,1
0.000707501,0
0.000708301,1
0.000708401,0
0.000708501,1
0.000708701,0
0.000709601,1
0.000709901,0
0.000710701,1
0.000710801,0
0.000711001,1
0.000711301,0
0.000711601,1
0.000711901,0
0.000803901,1
0.000804001,0
0.000804201,1
0.000804301,0
0.000804401,1
0.000804501,0
0.000804601,1
0.000805001,0
0.000805901,1
0.000806201,0
0.000817601,1
0.000817701,0
0.000818901,1
0.000819001,0
0.000820201,1
0.000820301,0
0.000821301,1
0.000821501,0
0.000822701,1
0.000822801,0
0.000823701,1
0.000823801,0
0.000823901,1
0.000824001,0
0.000825001,1
0.000825201,0
0.000826101,1
0.000826401,0
0.000827601,1
0.000827701,0
0.000828501,1
0.000828601,0
0.000828801,1
0.000828901,0
0.000829801,1
0.000829901,0
0.000830001,1
0.000830101,0
0.000830901,1
0.000831101,0
0.000831201,1
0.000831301,0
0.000832301,1
0.000832501,0
0.000833301,1
0.000833401,0
0.000833501,1
0.000833701,0
0.000834601,1
0.000834901,0
0.000835701,1
0.000835801,0
0.000836001,1
0.000836301,0
0.000836601,1
0.000836901,0
0.000928901,1
0.000929001,0
0.000929201,1
0.000929301,0
0.000929401,1
0.000929501,0
0.000929601,1
0.000929701,0
0.000930001,1
0.000930101,0
0.000930801,1
0.000931101,0
0.000931301,1
0.000931401,0
0.000942601,1
0.000942701,0
0.000943901,1
0.000944001,0
0.000945201,1
0.000945301,0
0.000946301,1
0.000946501,0
0.000947701,1
0.000947801,0
0.000948701,1
0.000948801,0
0.000948901,1
0.000949001,0
0.000950001,1
0.000950201,0
0.000951101,1
0.000951401,0
0.000952601,1
0.000952701,0
0.000953501,1
0.000953601,0
0.000953801,1
0.000953901,0
0.000954801,1
0.000954901,0
0.000955001,1
0.000955101,0
0.000955901,1
0.000956101,0
0.000956201,1
0.000956301,0
0.000957301,1
0.000957501,0
0.000958301,1
0.000958401,0
0.000958501,1
0.000958701,0
0.000959601,1
0.000959901,0
0.000960701,1
0.000960801,0
0.000961001,1
0.000961301,0
0.000961601,1
0.000961901,0
0.001053901,1
0.001054001,0
0.001054201,1
0.001054301,0
0.001054401,1
0.001054501,0
0.001054601,1
0.001054801,0
0.001055001,1
0.001055101,0
0.001055801,1
0.001055901,0
0.001056101,1
0.001056201,0
0.001056301,1
0.001056401,0
0.001067601,1
0.001067701,0
0.001068901,1
0.001069001,0
0.001070201,1
0.001070301,0
0.001071301,1
0.001071501,0
0.001072701,1
0.001072801,0
0.001073701,1
0.001073801,0
0.001073901,1
0.001074001,0
0.001075001,1
0.001075201,0
0.001076101,1
0.001076401,0
0.001077601,1
0.001077701,0
0.001078501,1
0.001078601,0
0.001078801,1
0.001078901,0
0.001079801,1
0.001079901,0
0.001080001,1
0.001080101,0
0.001080901,1
0.001081101,0
0.001081201,1
0.001081301,0
0.001082301,1
0.001082501,0
0.001083301,1
0.001083401,0
0.001083501,1
0.001083701,0
0.001084601,1
0.001084901,0
0.001085701,1
0.001085801,0
0.001086001,1
0.001086301,0
0.001086601,1
0.001086901,0
0.001178901,1
0.001179001,0
0.001179201,1
0.001179301,0
0.001179401,1
0.001179501,0
0.001179601,1
0.001179701,0
0.001179801,1
0.001179901,0
0.001180001,1
0.001180101,0
0.001181001,1
0.001181201,0
0.001181301,1
0.001181401,0
0.001192601,1
0.001192701,0
0.001193901,1
0.001194001,0
0.001195201,1
0.001195301,0
0.001196301,1
0.001196501,0
0.001197701,1
0.001197801,0
0.001198701,1
0.001198801,0
0.001198901,1
0.001199001,0
0.001200001,1
0.001200201,0
0.001201101,1
0.001201401,0
0.001202601,1
0.001202701,0
0.001203501,1
0.001203601,0
0.001203801,1
0.001203901,0
0.001204801,1
0.001204901,0
0.001205001,1
0.001205101,0
0.001205901,1
0.001206101,0
0.001206201,1
0.001206301,0
0.001207301,1
0.001207501,0
0.001208301,1
0.001208401,0
0.001208501,1
0.001208701,0
0.001209601,1
0.001209901,0
0.001210701,1
0.001210801,0
0.001211001,1
0.001211301,0
0.001211601,1
0.001211901,0
0.001303901,1
0.001304001,0
0.001304201,1
0.001304301,0
0.001304401,1
0.001304501,0
0.001304601,1
0.001304901,0
0.001305001,1
0.001305101,0
0.001305801,1
0.001306201,0
0.001306301,1
0.001306401,0
0.001317601,1
0.001317701,0
0.001318901,1
0.001319001,0
0.001320201,1
0.001320301,0
0.001321301,1
0.001321501,0
0.001322701,1
0.001322801,0
0.001323701,1
0.001323801,0
0.001323901,1
0.001324001,0
0.001325001,1
0.001325201,0
0.001326101,1
0.001326401,0
0.001327601,1
0.001327701,0
0.001328501,1
0.001328601,0
0.001328801,1
0.001328901,0
0.001329801,1
0.001329901,0
0.001330001,1
0.001330101,0
0.001330901,1
0.001331101,0
0.001331201,1
0.001331301,0
0.001332301,1
0.001332501,0
0.001333301,1
0.001333401,0
0.001333501,1
0.001333701,0
0.001334601,1
0.001334901,0
0.001335701,1
0.001335801,0
0.001336001,1
0.001336301,0
0.001336601,1
0.001336901,0
0.001428901,1
0.001429001,0
0.001429201,1
0.001429301,0
0.001429401,1
0.001429501,0
0.001429601,1
0.001429701,0
0.001429901,1
0.001430101,0
0.001430801,1
0.001430901,0
0.001431201,1
0.001431401,0
0.001442601,1
0.001442701,0
0.001443901,1
0.001444001,0
0.001445201,1
0.001445301,0
0.001446301,1
0.001446501,0
0.001447701,1
0.001447801,0
0.001448701,1
0.001448801,0
0.001448901,1
0.001449001,0
0.001450001,1
0.001450201,0
0.001451101,1
0.001451401,0
0.001452601,1
0.001452701,0
0.001453501,1
0.001453601,0
0.001453801,1
0.001453901,0
0.001454801,1
0.001454901,0
0.001455001,1
0.001455101,0
0.001455901,1
0.001456101,0
0.001456201,1
0.001456301,0
0.001457301,1
0.001457501,0
0.001458301,1
0.001458401,0
0.001458501,1
0.001458701,0
0.001459601,1
0.001459901,0
0.001460701,1
0.001460801,0
0.001461001,1
0.001461301,0
0.001461601,1
0.001461901,0
0.001553901,1
0.001554001,0
0.001554201,1
0.001554301,0
0.001554401,1
0.001554501,0
0.001554601,1
0.001554801,0
0.001554901,1
0.001555101,0
0.001556001,1
0.001556101,0
0.001556201,1
0.001556401,0
0.001567601,1
0.001567701,0
0.001568901,1
0.001569001,0
0.001570201,1
0.001570301,0
0.001571301,1
0.001571501,0
0.001572701,1
0.001572801,0
0.001573701,1
0.001573801,0
0.001573901,1
0.001574001,0
0.001575001,1
0.001575201,0
0.001576101,1
0.001576401,0
0.001577601,1
0.001577701,0
0.001578501,1
0.001578601,0
0.001578801,1
0.001578901,0
0.001579801,1
0.001579901,0
0.001580001,1
0.001580101,0
0.001580901,1
0.001581101,0
0.001581201,1
0.001581301,0
0.001582301,1
0.001582501,0
0.001583301,1
0.001583401,0
0.001583501,1
0.001583701,0
0.001584601,1
0.001584901,0
0.001585701,1
0.001585801,0
0.001586001,1
0.001586301,0
0.001586601,1
0.001586901,0
0.001678901,1
0.001679001,0
0.001679201,1
0.001679301,0
0.001679401,1
0.001679501,0
0.001679601,1
0.001679701,0
0.001679801,1
0.001680101,0
0.001680901,1
0.001681101,0
0.001681201,1
0.001681401,0
0.001692601,1
0.001692701,0
0.001693901,1
0.001694001,0
0.001695201,1
0.001695301,0
0.001696301,1
0.001696501,0
0.001697701,1
0.001697801,0
0.001698701,1
0.001698801,0
0.001698901,1
0.001699001,0
0.001700001,1
0.001700201,0
0.001701101,1
0.001701401,0
0.001702601,1
0.001702701,0
0.001703501,1
0.001703601,0
0.001703801,1
0.001703901,0
0.001704801,1
0.001704901,0
0.001705001,1
0.001705101,0
0.001705901,1
0.001706101,0
0.001706201,1
0.001706301,0
0.001707301,1
0.001707501,0
0.001708301,1
0.001708401,0
0.001708501,1
0.001708701,0
0.001709601,1
0.001709901,0
0.001710701,1
0.001710801,0
0.001711001,1
0.001711301,0
0.001711601,1
0.001711901,0
0.001803901,1
0.001804001,0
0.001804201,1
0.001804301,0
0.001804401,1
0.001804501,0
0.001804601,1
0.001805101,0
0.001805801,1
0.001805901,0
0.001806101,1
0.001806401,0
0.001817601,1
0.001817701,0
0.001818901,1
0.001819001,0
0.001820201,1
0.001820301,0
0.001821301,1
0.001821501,0
0.001822701,1
0.001822801,0
0.001823701,1
0.001823801,0
0.001823901,1
0.001824001,0
0.001825001,1
0.001825201,0
0.001826101,1
0.001826401,0
0.001827601,1
0.001827701,0
0.001828501,1
0.001828601,0
0.001828801,1
0.001828901,0
0.001829801,1
0.001829901,0
0.001830001,1
0.001830101,0
0.001830901,1
0.001831101,0
0.001831201,1
0.001831301,0
0.001832301,1
0.001832501,0
0.001833301,1
0.001833401,0
0.001833501,1
0.001833701,0
0.001834601,1
0.001834901,0
0.001835701,1
0.001835801,0
0.001836001,1
0.001836301,0
0.001836601,1
0.001836901,0
0.001928901,1
0.001929001,0
0.001929201,1
0.001929301,0
0.001929401,1
0.001929501,0
0.001929601,1
0.001929701,0
0.001930101,1
0.001930201,0
0.001930801,1
0.001930901,0
0.001931001,1
0.001931401,0
0.001942601,1
0.001942701,0
0.001943901,1
0.001944001,0
0.001945201,1
0.001945301,0
0.001946301,1
0.001946501,0
0.001947701,1
0.001947801,0
0.001948701,1
0.001948801,0
0.001948901,1
0.001949001,0
0.001950001,1
0.001950201,0
0.001951101,1
0.001951401,0
0.001952601,1
0.001952701,0
0.001953501,1
0.001953601,0
0.001953801,1
0.001953901,0
0.001954801,1
0.001954901,0
0.001955001,1
0.001955101,0
0.001955901,1
0.001956101,0
0.001956201,1
0.001956301,0
0.001957301,1
0.001957501,0
0.001958301,1
0.001958401,0
0.001958501,1
0.001958701,0
0.001959601,1
0.001959901,0
0.001960701,1
0.001960801,0
0.001961001,1
0.001961301,0
0.001961601,1
0.001961901,0
0.002053901,1
0.002054001,0
0.002054201,1
0.002054301,0
0.002054401,1
0.002054501,0
0.002054601,1
0.002054801,0
0.002055101,1
0.002055201,0
0.002055801,1
0.002056401,0
0.002067601,1
0.002067701,0
0.002068901,1
0.002069001,0
0.002070201,1
0.002070301,0
0.002071301,1
0.002071501,0
0.002072701,1
0.002072801,0
0.002073701,1
0.002073801,0
0.002073901,1
0.002074001,0
0.002075001,1
0.002075201,0
0.002076101,1
0.002076401,0
0.002077601,1
0.002077701,0
0.002078501,1
0.002078601,0
0.002078801,1
0.002078901,0
0.002079801,1
0.002079901,0
0.002080001,1
0.002080101,0
0.002080901,1
0.002081101,0
0.002081201,1
0.002081301,0
0.002082301,1
0.002082501,0
0.002083301,1
0.002083401,0
0.002083501,1
0.002083701,0
0.002084601,1
0.002084901,0
0.002085701,1
0.002085801,0
0.002086001,1
0.002086301,0
0.002086601,1
0.002086901,0
0.002178901,1
0.002179001,0
0.002179201,1
0.002179301,0
0.002179401,1
0.002179501,0
0.002179601,1
0.002179701,0
0.002179801,1
0.002179901,0
0.002180101,1
0.002180201,0
0.002180901,1
0.002181001,0
0.002181401,1
0.002181501,0
0.002192601,1
0.002192701,0
0.002193901,1
0.002194001,0
0.002195201,1
0.002195301,0
0.002196301,1
0.002196501,0
0.002197701,1
0.002197801,0
0.002198701,1
0.002198801,0
0.002198901,1
0.002199001,0
0.002200001,1
0.002200201,0
0.002201101,1
0.002201401,0
0.002202601,1
0.002202701,0
0.002203501,1
0.002203601,0
0.002203801,1
0.002203901,0
0.002204801,1
0.002204901,0
0.002205001,1
0.002205101,0
0.002205901,1
0.002206101,0
0.002206201,1
0.002206301,0
0.002207301,1
0.002207501,0
0.002208301,1
0.002208401,0
0.002208501,1
0.002208701,0
0.002209601,1
0.002209901,0
0.002210701,1
0.002210801,0
0.002211001,1
0.002211301,0
0.002211601,1
0.002211901,0
0.002303901,1
0.002304001,0
0.002304201,1
0.002304301,0
0.002304401,1
0.002304501,0
0.002304601,1
0.002304901,0
0.002305101,1
0.002305201,0
0.002306001,1
0.002306101,0
0.002306401,1
0.002306501,0
0.002317601,1
0.002317701,0
0.002318901,1
0.002319001,0
0.002320201,1
0.002320301,0
0.002321301,1
0.002321501,0
0.002322701,1
0.002322801,0
0.002323701,1
0.002323801,0
0.002323901,1
0.002324001,0
0.002325001,1
0.002325201,0
0.002326101,1
0.002326401,0
0.002327601,1
0.002327701,0
0.002328501,1
0.002328601,0
0.002328801,1
0.002328901,0
0.002329801,1
0.002329901,0
0.002330001,1
0.002330101,0
0.002330901,1
0.002331101,0
0.002331201,1
0.002331301,0
0.002332301,1
0.002332501,0
0.002333301,1
0.002333401,0
0.002333501,1
0.002333701,0
0.002334601,1
0.002334901,0
0.002335701,1
0.002335801,0
0.002336001,1
0.002336301,0
0.002336601,1
0.002336901,0
0.002428901,1
0.002429001,0
0.002429201,1
0.002429301,0
0.002429401,1
0.002429501,0
0.002429601,1
0.002429701,0
0.002429901,1
0.002430001,0
0.002430101,1
0.002430201,0
0.002430801,1
0.002431101,0
0.002431401,1
0.002431501,0
0.002442601,1
0.002442701,0
0.002443901,1
0.002444001,0
0.002445201,1
0.002445301,0
0.002446301,1
0.002446501,0
0.002447701,1
0.002447801,0
0.002448701,1
0.002448801,0
0.002448901,1
0.002449001,0
0.002450001,1
0.002450201,0
0.002451101,1
0.002451401,0
0.002452601,1
0.002452701,0
0.002453501,1
0.002453601,0
0.002453801,1
0.002453901,0
0.002454801,1
0.002454901,0
0.002455001,1
0.002455101,0
0.002455901,1
0.002456101,0
0.002456201,1
0.002456301,0
0.002457301,1
0.002457501,0
0.002458301,1
0.002458401,0
0.002458501,1
0.002458701,0
0.002459601,1
0.002459901,0
0.002460701,1
0.002460801,0
0.002461001,1
0.002461301,0
0.002461601,1
0.002461901,0
0.002553901,1
0.002554001,0
0.002554201,1
0.002554301,0
0.002554401,1
0.002554501,0
0.002554601,1
0.002554801,0
0.002554901,1
0.002555001,0
0.002555101,1
0.002555201,0
0.002555901,1
0.002556001,0
0.002556101,1
0.002556201,0
0.002556401,1
0.002556501,0
0.002567601,1
0.002567701,0
0.002568901,1
0.002569001,0
0.002570201,1
0.002570301,0
0.002571301,1
0.002571501,0
0.002572701,1
0.002572801,0
0.002573701,1
0.002573801,0
0.002573901,1
0.002574001,0
0.002575001,1
0.002575201,0
0.002576101,1
0.002576401,0
0.002577601,1
0.002577701,0
0.002578501,1
0.002578601,0
0.002578801,1
0.002578901,0
0.002579801,1
0.002579901,0
0.002580001,1
0.002580101,0
0.002580901,1
0.002581101,0
0.002581201,1
0.002581301,0
0.002582301,1
0.002582501,0
0.002583301,1
0.002583401,0
0.002583501,1
0.002583701,0
0.002584601,1
0.002584901,0
0.002585701,1
0.002585801,0
0.002586001,1
0.002586301,0
0.002586601,1
0.002586901,0
0.002678901,1
0.002679001,0
0.002679201,1
0.002679301,0
0.002679401,1
0.002679501,0
0.002679601,1
0.002679701,0
0.002679801,1
0.002680001,0
0.002680101,1
0.002680201,0
0.002681001,1
0.002681201,0
0.002681401,1
0.002681501,0
0.002692601,1
0.002692701,0
0.002693901,1
0.002694001,0
0.002695201,1
0.002695301,0
0.002696301,1
0.002696501,0
0.002697701,1
0.002697801,0
0.002698701,1
0.002698801,0
0.002698901,1
0.002699001,0
0.002700001,1
0.002700201,0
0.002701101,1
0.002701401,0
0.002702601,1
0.002702701,0
0.002703501,1
0.002703601,0
0.002703801,1
0.002703901,0
0.002704801,1
0.002704901,0
0.002705001,1
0.002705101,0
0.002705901,1
0.002706101,0
0.002706201,1
0.002706301,0
0.002707301,1
0.002707501,0
0.002708301,1
0.002708401,0
0.002708501,1
0.002708701,0
0.002709601,1
0.002709901,0
0.002710701,1
0.002710801,0
0.002711001,1
0.002711301,0
0.002711601,1
0.002711901,0
0.002803901,1
0.002804001,0
0.002804201,1
0.002804301,0
0.002804401,1
0.002804501,0
0.002804601,1
0.002805001,0
0.002805101,1
0.002805201,0
0.002806201,1
0.002806301,0
0.002806401,1
0.002806501,0
0.002817601,1
0.002817701,0
0.002818901,1
0.002819001,0
0.002820201,1
0.002820301,0
0.002821301,1
0.002821501,0
0.002822701,1
0.002822801,0
0.002823701,1
0.002823801,0
0.002823901,1
0.002824001,0
0.002825001,1
0.002825201,0
0.002826101,1
0.002826401,0
0.002827601,1
0.002827701,0
0.002828501,1
0.002828601,0
0.002828801,1
0.002828901,0
0.002829801,1
0.002829901,0
0.002830001,1
0.002830101,0
0.002830901,1
0.002831101,0
0.002831201,1
0.002831301,0
0.002832301,1
0.002832501,0
0.002833301,1
0.002833401,0
0.002833501,1
0.002833701,0
0.002834601,1
0.002834901,0
0.002835701,1
0.002835801,0
0.002836001,1
0.002836301,0
0.002836601,1
0.002836901,0
0.002928901,1
0.002929001,0
0.002929201,1
0.002929301,0
0.002929401,1
0.002929501,0
0.002929601,1
0.002929701,0
0.002930001,1
0.002930201,0
0.002930701,1
0.002930801,0
0.002930901,1
0.002931201,0
0.002931501,1
0.002931601,0
0.002942601,1
0.002942701,0
0.002943901,1
0.002944001,0
0.002945201,1
0.002945301,0
0.002946301,1
0.002946501,0
0.002947701,1
0.002947801,0
0.002948701,1
0.002948801,0
0.002948901,1
0.002949001,0
0.002950001,1
0.002950201,0
0.002951101,1
0.002951401,0
0.002952601,1
0.002952701,0
0.002953501,1
0.002953601,0
0.002953801,1
0.002953901,0
0.002954801,1
0.002954901,0
0.002955001,1
0.002955101,0
0.002955901,1
0.002956101,0
0.002956201,1
0.002956301,0
0.002957301,1
0.002957501,0
0.002958301,1
0.002958401,0
0.002958501,1
0.002958701,0
0.002959601,1
0.002959901,0
0.002960701,1
0.002960801,0
0.002961001,1
0.002961301,0
0.002961601,1
0.002961901,0
0.003053901,1
0.003054001,0
0.003054201,1
0.003054301,0
0.003054401,1
0.003054501,0
0.003054601,1
0.003054801,0
0.003055001,1
0.003055201,0
0.003055701,1
0.003055801,0
0.003055901,1
0.003056201,0
0.003056501,1
0.003056701,0
0.003056801,1
0.003057301,0
0.003067601,1
0.003067701,0
0.003068901,1
0.003069001,0
0.003070201,1
0.003070301,0
0.003071301,1
0.003071501,0
0.003072701,1
0.003072801,0
0.003073701,1
0.003073801,0
0.003073901,1
0.003074001,0
0.003075001,1
0.003075201,0
0.003076101,1
0.003076401,0
0.003077601,1
0.003077701,0
0.003078501,1
0.003078601,0
0.003078801,1
0.003078901,0
0.003079801,1
0.003079901,0
0.003080001,1
0.003080101,0
0.003080901,1
0.003081101,0
0.003081201,1
0.003081301,0
0.003082301,1
0.003082501,0
0.003083301,1
0.003083401,0
0.003083501,1
0.003083701,0
0.003084601,1
0.003084901,0
0.003085701,1
0.003085801,0
0.003086001,1
0.003086301,0
0.003086601,1
0.003086901,0
0.003178901,1
0.003179001,0
0.003179201,1
0.003179301,0
0.003179401,1
0.003179501,0
0.003179601,1
0.003179701,0
0.003179801,1
0.003179901,0
0.003180001,1
0.003180201,0
0.003180701,1
0.003180801,0
0.003180901,1
0.003181201,0
0.003181501,1
0.003181701,0
0.003181801,1
0.003182301,0
0.003192601,1
0.003192701,0
0.003193901,1
0.003194001,0
0.003195201,1
0.003195301,0
0.003196301,1
0.003196501,0
0.003197701,1
0.003197801,0
0.003198701,1
0.003198801,0
0.003198901,1
0.003199001,0
0.003200001,1
0.003200201,0
0.003201101,1
0.003201401,0
0.003202601,1
0.003202701,0
0.003203501,1
0.003203601,0
0.003203801,1
0.003203901,0
0.003204801,1
0.003204901,0
0.003205001,1
0.003205101,0
0.003205901,1
0.003206101,0
0.003206201,1
0.003206301,0
0.003207301,1
0.003207501,0
0.003208301,1
0.003208401,0
0.003208501,1
0.003208701,0
0.003209601,1
0.003209901,0
0.003210701,1
0.003210801,0
0.003211001,1
0.003211301,0
0.003211601,1
0.003211901,0
0.003303901,1
0.003304001,0
0.003304201,1
0.003304301,0
0.003304401,1
0.003304501,0
0.003304601,1
0.003304901,0
0.003305001,1
0.003305201,0
0.003305701,1
0.003305801,0
0.003305901,1
0.003306201,0
0.003306501,1
0.003306701,0
0.003306801,1
0.003307301,0
0.003317601,1
0.003317701,0
0.003318901,1
0.003319001,0
0.003320201,1
0.003320301,0
0.003321301,1
0.003321501,0
0.003322701,1
0.003322801,0
0.003323701,1
0.003323801,0
0.003323901,1
0.003324001,0
0.003325001,1
0.003325201,0
0.003326101,1
0.003326401,0
0.003327601,1
0.003327701,0
0.003328501,1
0.003328601,0
0.003328801,1
0.003328901,0
0.003329801,1
0.003329901,0
0.003330001,1
0.003330101,0
0.003330901,1
0.003331101,0
0.003331201,1
0.003331301,0
0.003332301,1
0.003332501,0
0.003333301,1
0.003333401,0
0.003333501,1
0.003333701,0
0.003334601,1
0.003334901,0
0.003335701,1
0.003335801,0
0.003336001,1
0.003336301,0
0.003336601,1
0.003336901,0
0.003428901,1
0.003429001,0
0.003429201,1
0.003429301,0
0.003429401,1
0.003429501,0
0.003429601,1
0.003429701,0
0.003429901,1
0.003430201,0
0.003430701,1
0.003430801,0
0.003430901,1
0.003431201,0
0.003431501,1
0.003431701,0
0.003431801,1
0.003432301,0
0.003442601,1
0.003442701,0
0.003443901,1
0.003444001,0
0.003445201,1
0.003445301,0
0.003446301,1
0.003446501,0
0.003447701,1
0.003447801,0
0.003448701,1
0.003448801,0
0.003448901,1
0.003449001,0
0.003450001,1
0.003450201,0
0.003451101,1
0.003451401,0
0.003452601,1
0.003452701,0
0.003453501,1
0.003453601,0
0.003453801,1
0.003453901,0
0.003454801,1
0.003454901,0
0.003455001,1
0.003455101,0
0.003455901,1
0.003456101,0
0.003456201,1
0.003456301,0
0.003457301,1
0.003457501,0
0.003458301,1
0.003458401,0
0.003458501,1
0.003458701,0
0.003459601,1
0.003459901,0
0.003460701,1
0.003460801,0
0.003461001,1
0.003461301,0
0.003461601,1
0.003461901,0
0.003553901,1
0.003554001,0
0.003554201,1
0.003554301,0
0.003554401,1
0.003554501,0
0.003554601,1
0.003554801,0
0.003554901,1
0.003555201,0
0.003555701,1
0.003555801,0
0.003555901,1
0.003556201,0
0.003556501,1
0.003556701,0
0.003556801,1
0.003557301,0
0.003567601,1
0.003567701,0
0.003568901,1
0.003569001,0
0.003570201,1
0.003570301,0
0.003571301,1
0.003571501,0
0.003572701,1
0.003572801,0
0.003573701,1
0.003573801,0
0.003573901,1
0.003574001,0
0.003575001,1
0.003575201,0
0.003576101,1
0.003576401,0
0.003577601,1
0.003577701,0
0.003578501,1
0.003578601,0
0.003578801,1
0.003578901,0
0.003579801,1
0.003579901,0
0.003580001,1
0.003580101,0
0.003580901,1
0.003581101,0
0.003581201,1
0.003581301,0
0.003582301,1
0.003582501,0
0.003583301,1
0.003583401,0
0.003583501,1
0.003583701,0
0.003584601,1
0.003584901,0
0.003585701,1
0.003585801,0
0.003586001,1
0.003586301,0
0.003586601,1
0.003586901,0
0.003678901,1
0.003679001,0
0.003679201,1
0.003679301,0
0.003679401,1
0.003679501,0
0.003679601,1
0.003679701,0
0.003679801,1
0.003680201,0
0.003680701,1
0.003680801,0
0.003680901,1
0.003681201,0
0.003681501,1
0.003681701,0
0.003681801,1
0.003682301,0
0.003692601,1
0.003692701,0
0.003693901,1
0.003694001,0
0.003695201,1
0.003695301,0
0.003696301,1
0.003696501,0
0.003697701,1
0.003697801,0
0.003698701,1
0.003698801,0
0.003698901,1
0.003699001,0
0.003700001,1
0.003700201,0
0.003701101,1
0.003701401,0
0.003702601,1
0.003702701,0
0.003703501,1
0.003703601,0
0.003703801,1
0.003703901,0
0.003704801,1
0.003704901,0
0.003705001,1
0.003705101,0
0.003705901,1
0.003706101,0
0.003706201,1
0.003706301,0
0.003707301,1
0.003707501,0
0.003708301,1
0.003708401,0
0.003708501,1
0.003708701,0
0.003709601,1
0.003709901,0
0.003710701,1
0.003710801,0
0.003711001,1
0.003711301,0
0.003711601,1
0.003711901,0
0.003803901,1
0.003804001,0
0.003804201,1
0.003804301,0
0.003804401,1
0.003804501,0
0.003804601,1
0.003805201,0
0.003805701,1
0.003805801,0
0.003805901,1
0.003806201,0
0.003806501,1
0.003806701,0
0.003806801,1
0.003807301,0
0.003817601,1
0.003817701,0
0.003818901,1
0.003819001,0
0.003820201,1
0.003820301,0
0.003821301,1
0.003821501,0
0.003822701,1
0.003822801,0
0.003823701,1
0.003823801,0
0.003823901,1
0.003824001,0
0.003825001,1
0.003825201,0
0.003826101,1
0.003826401,0
0.003827601,1
0.003827701,0
0.003828501,1
0.003828601,0
0.003828801,1
0.003828901,0
0.003829801,1
0.003829901,0
0.003830001,1
0.003830101,0
0.003830901,1
0.003831101,0
0.003831201,1
0.003831301,0
0.003832301,1
0.003832501,0
0.003833301,1
0.003833401,0
0.003833501,1
0.003833701,0
0.003834601,1
0.003834901,0
0.003835701,1
0.003835801,0
0.003836001,1
0.003836301,0
0.003836601,1
0.003836901,0
0.003928901,1
0.003929001,0
0.003929201,1
0.003929301,0
0.003929401,1
0.003929501,0
0.003929601,1
0.003929701,0
0.003930201,1
0.003930301,0
0.003930701,1
0.003930801,0
0.003930901,1
0.003931201,0
0.003931501,1
0.003931701,0
0.003931801,1
0.003932301,0
0.003942601,1
0.003942701,0
0.003943901,1
0.003944001,0
0.003945201,1
0.003945301,0
0.003946301,1
0.003946501,0
0.003947701,1
0.003947801,0
0.003948701,1
0.003948801,0
0.003948901,1
0.003949001,0
0.003950001,1
0.003950201,0
0.003951101,1
0.003951401,0
0.003952601,1
0.003952701,0
0.003953501,1
0.003953601,0
0.003953801,1
0.003953901,0
0.003954801,1
0.003954901,0
0.003955001,1
0.003955101,0
0.003955901,1
0.003956101,0
0.003956201,1
0.003956301,0
0.003957301,1
0.003957501,0
0.003958301,1
0.003958401,0
0.003958501,1
0.003958701,0
0.003959601,1
0.003959901,0
0.003960701,1
0.003960801,0
0.003961001,1
0.003961301,0
0.003961601,1
0.003961901,0
0.004053901,1
0.004054001,0
0.004054201,1
0.004054301,0
0.004054401,1
0.004054501,0
0.004054601,1
0.004054801,0
0.004055201,1
0.004055301,0
0.004055701,1
0.004055801,0
0.004055901,1
0.004056201,0
0.004056501,1
0.004056701,0
0.004056801,1
0.004057301,0
0.004067601,1
0.004067701,0
0.004068901,1
0.004069001,0
0.004070201,1
0.004070301,0
0.004071301,1
0.004071501,0
0.004072701,1
0.004072801,0
0.004073701,1
0.004073801,0
0.004073901,1
0.004074001,0
0.004075001,1
0.004075201,0
0.004076101,1
0.004076401,0
0.004077601,1
0.004077701,0
0.004078501,1
0.004078601,0
0.004078801,1
0.004078901,0
0.004079801,1
0.004079901,0
0.004080001,1
0.004080101,0
0.004080901,1
0.004081101,0
0.004081201,1
0.004081301,0
0.004082301,1
0.004082501,0
0.004083301,1
0.004083401,0
0.004083501,1
0.004083701,0
0.004084601,1
0.004084901,0
0.004085701,1
0.004085801,0
0.004086001,1
0.004086301,0
0.004086601,1
0.004086901,0
0.004178901,1
0.004179001,0
0.004179201,1
0.004179301,0
0.004179401,1
0.004179501,0
0.004179601,1
0.004179701,0
0.004179801,1
0.004179901,0
0.004180201,1
0.004180301,0
0.004180901,1
0.004181201,0
0.004181501,1
0.004181701,0
0.004181801,1
0.004182301,0
0.004192601,1
0.004192701,0
0.004193901,1
0.004194001,0
0.004195201,1
0.004195301,0
0.004196301,1
0.004196501,0
0.004197701,1
0.004197801,0
0.004198701,1
0.004198801,0
0.004198901,1
0.004199001,0
0.004200001,1
0.004200201,0
0.004201101,1
0.004201401,0
0.004202601,1
0.004202701,0
0.004203501,1
0.004203601,0
0.004203801,1
0.004203901,0
0.004204801,1
0.004204901,0
0.004205001,1
0.004205101,0
0.004205901,1
0.004206101,0
0.004206201,1
0.004206301,0
0.004207301,1
0.004207501,0
0.004208301,1
0.004208401,0
0.004208501,1
0.004208701,0
0.004209601,1
0.004209901,0
0.004210701,1
0.004210801,0
0.004211001,1
0.004211301,0
0.004211601,1
0.004211901,0
0.004303901,1
0.004304001,0
0.004304201,1
0.004304301,0
0.004304401,1
0.004304501,0
0.004304601,1
0.004304901,0
0.004305201,1
0.004305301,0
0.004305901,1
0.004306201,0
0.004306501,1
0.004306701,0
0.004306801,1
0.004307301,0
0.004317601,1
0.004317701,0
0.004318901,1
0.004319001,0
0.004320201,1
0.004320301,0
0.004321301,1
0.004321501,0
0.004322701,1
0.004322801,0
0.004323701,1
0.004323801,0
0.004323901,1
0.004324001,0
0.004325001,1
0.004325201,0
0.004326101,1
0.004326401,0
0.004327601,1
0.004327701,0
0.004328501,1
0.004328601,0
0.004328801,1
0.004328901,0
0.004329801,1
0.004329901,0
0.004330001,1
0.004330101,0
0.004330901,1
0.004331101,0
0.004331201,1
0.004331301,0
0.004332301,1
0.004332501,0
0.004333301,1
0.004333401,0
0.004333501,1
0.004333701,0
0.004334601,1
0.004334901,0
0.004335701,1
0.004335801,0
0.004336001,1
0.004336301,0
0.004336601,1
0.004336901,0
0.004428901,1
0.004429001,0
0.004429201,1
0.004429301,0
0.004429401,1
0.004429501,0
0.004429601,1
0.004429701,0
0.004429901,1
0.004430001,0
0.004430201,1
0.004430301,0
0.004430901,1
0.004431201,0
0.004431501,1
0.004431701,0
0.004431801,1
0.004432301,0
0.004442601,1
0.004442701,0
0.004443901,1
0.004444001,0
0.004445201,1
0.004445301,0
0.004446301,1
0.004446501,0
0.004447701,1
0.004447801,0
0.004448701,1
0.004448801,0
0.004448901,1
0.004449001,0
0.004450001,1
0.004450201,0
0.004451101,1
0.004451401,0
0.004452601,1
0.004452701,0
0.004453501,1
0.004453601,0
0.004453801,1
0.004453901,0
0.004454801,1
0.004454901,0
0.004455001,1
0.004455101,0
0.004455901,1
0.004456101,0
0.004456201,1
0.004456301,0
0.004457301,1
0.004457501,0
0.004458301,1
0.004458401,0
0.004458501,1
0.004458701,0
0.004459601,1
0.004459901,0
0.004460701,1
0.004460801,0
0.004461001,1
0.004461301,0
0.004461601,1
0.004461901,0
0.004553901,1
0.004554001,0
0.004554201,1
0.004554301,0
0.004554401,1
0.004554501,0
0.004554601,1
0.004554801,0
0.004554901,1
0.004555001,0
0.004555201,1
0.004555301,0
0.004555901,1
0.004556201,0
0.004556501,1
0.004556701,0
0.004556801,1
0.004557301,0
0.004567601,1
0.004567701,0
0.004568901,1
0.004569001,0
0.004570201,1
0.004570301,0
0.004571301,1
0.004571501,0
0.004572701,1
0.004572801,0
0.004573701,1
0.004573801,0
0.004573901,1
0.004574001,0
0.004575001,1
0.004575201,0
0.004576101,1
0.004576401,0
0.004577601,1
0.004577701,0
0.004578501,1
0.004578601,0
0.004578801,1
0.004578901,0
0.004579801,1
0.004579901,0
0.004580001,1
0.004580101,0
0.004580901,1
0.004581101,0
0.004581201,1
0.004581301,0
0.004582301,1
0.004582501,0
0.004583301,1
0.004583401,0
0.004583501,1
0.004583701,0
0.004584601,1
0.004584901,0
0.004585701,1
0.004585801,0
0.004586001,1
0.004586301,0
0.004586601,1
0.004586901,0
0.004678901,1
0.004679001,0
0.004679201,1
0.004679301,0
0.004679401,1
0.004679501,0
0.004679601,1
0.004679701,0
0.004679801,1
0.004680001,0
0.004680201,1
0.004680301,0
0.004680901,1
0.004681201,0
0.004681501,1
0.004681701,0
0.004681801,1
0.004682301,0
0.004692601,1
0.004692701,0
0.004693901,1
0.004694001,0
0.004695201,1
0.004695301,0
0.004696301,1
0.004696501,0
0.004697701,1
0.004697801,0
0.004698701,1
0.004698801,0
0.004698901,1
0.004699001,0
0.004700001,1
0.004700201,0
0.004701101,1
0.004701401,0
0.004702601,1
0.004702701,0
0.004703501,1
0.004703601,0
0.004703801,1
0.004703901,0
0.004704801,1
0.004704901,0
0.004705001,1
0.004705101,0
0.004705901,1
0.004706101,0
0.004706201,1
0.004706301,0
0.004707301,1
0.004707501,0
0.004708301,1
0.004708401,0
0.004708501,1
0.004708701,0
0.004709601,1
0.004709901,0
0.004710701,1
0.004710801,0
0.004711001,1
0.004711301,0
0.004711601,1
0.004711901,0
0.004803901,1
0.004804001,0
0.004804201,1
0.004804301,0
0.004804401,1
0.004804501,0
0.004804601,1
0.004805001,0
0.004805201,1
0.004805301,0
0.004805901,1
0.004806201,0
0.004806501,1
0.004806701,0
0.004806801,1
0.004807301,0
0.004817601,1
0.004817701,0
0.004818901,1
0.004819001,0
0.004820201,1
0.004820301,0
0.004821301,1
0.004821501,0
0.004822701,1
0.004822801,0
0.004823701,1
0.004823801,0
0.004823901,1
0.004824001,0
0.004825001,1
0.004825201,0
0.004826101,1
0.004826401,0
0.004827601,1
0.004827701,0
0.004828501,1
0.004828601,0
0.004828801,1
0.004828901,0
0.004829801,1
0.004829901,0
0.004830001,1
0.004830101,0
0.004830901,1
0.004831101,0
0.004831201,1
0.004831301,0
0.004832301,1
0.004832501,0
0.004833301,1
0.004833401,0
0.004833501,1
0.004833701,0
0.004834601,1
0.004834901,0
0.004835701,1
0.004835801,0
0.004836001,1
0.004836301,0
0.004836601,1
0.004836901,0
0.004928901,1
0.004929001,0
0.004929201,1
0.004929301,0
0.004929401,1
0.004929501,0
0.004929601,1
0.004929701,0
0.004930001,1
0.004930101,0
0.004930201,1
0.004930301,0
0.004930901,1
0.004931201,0
0.004931501,1
0.004931701,0
0.004931801,1
0.004932301,0
0.004942601,1
0.004942701,0
0.004943901,1
0.004944001,0
0.004945201,1
0.004945301,0
0.004946301,1
0.004946501,0
0.004947701,1
0.004947801,0
0.004948701,1
0.004948801,0
0.004948901,1
0.004949001,0
0.004950001,1
0.004950201,0
0.004951101,1
0.004951401,0
0.004952601,1
0.004952701,0
0.004953501,1
0.004953601,0
0.004953801,1
0.004953901,0
0.004954801,1
0.004954901,0
0.004955001,1
0.004955101,0
0.004955901,1
0.004956101,0
0.004956201,1
0.004956301,0
0.004957301,1
0.004957501,0
0.004958301,1
0.004958401,0
0.004958501,1
0.004958701,0
0.004959601,1
0.004959901,0
0.004960701,1
0.004960801,0
0.004961001,1
0.004961301,0
0.004961601,1
0.004961901,0
0.005053901,1
0.005054001,0
0.005054201,1
0.005054301,0
0.005054401,1
0.005054501,0
0.005054601,1
0.005054801,0
0.005055001,1
0.005055101,0
0.005055201,1
0.005055301,0
0.005055901,1
0.005056201,0
0.005056501,1
0.005056701,0
0.005056801,1
0.005057301,0
0.005067601,1
0.005067701,0
0.005068901,1
0.005069001,0
0.005070201,1
0.005070301,0
0.005071301,1
0.005071501,0
0.005072701,1
0.005072801,0
0.005073701,1
0.005073801,0
0.005073901,1
0.005074001,0
0.005075001,1
0.005075201,0
0.005076101,1
0.005076401,0
0.005077601,1
0.005077701,0
0.005078501,1
0.005078601,0
0.005078801,1
0.005078901,0
0.005079801,1
0.005079901,0
0.005080001,1
0.005080101,0
0.005080901,1
0.005081101,0
0.005081201,1
0.005081301,0
0.005082301,1
0.005082501,0
0.005083301,1
0.005083401,0
0.005083501,1
0.005083701,0
0.005084601,1
0.005084901,0
0.005085701,1
0.005085801,0
0.005086001,1
0.005086301,0
0.005086601,1
0.005086901,0
0.005178901,1
0.005179001,0
0.005179201,1
0.005179301,0
0.005179401,1
0.005179501,0
0.005179601,1
0.005179701,0
0.005179801,1
0.005179901,0
0.005180001,1
0.005180101,0
0.005180201,1
0.005180301,0
0.005180901,1
0.005181201,0
0.005181501,1
0.005181701,0
0.005181801,1
0.005182301,0
0.005192601,1
0.005192701,0
0.005193901,1
0.005194001,0
0.005195201,1
0.005195301,0
0.005196301,1
0.005196501,0
0.005197701,1
0.005197801,0
0.005198701,1
0.005198801,0
0.005198901,1
0.005199001,0
0.005200001,1
0.005200201,0
0.005201101,1
0.005201401,0
0.005202601,1
0.005202701,0
0.005203501,1
0.005203601,0
0.005203801,1
0.005203901,0
0.005204801,1
0.005204901,0
0.005205001,1
0.005205101,0
0.005205901,1
0.005206101,0
0.005206201,1
0.005206301,0
0.005207301,1
0.005207501,0
0.005208301,1
0.005208401,0
0.005208501,1
0.005208701,0
0.005209601,1
0.005209901,0
0.005210701,1
0.005210801,0
0.005211001,1
0.005211301,0
0.005211601,1
0.005211901,0
0.005303901,1
0.005304001,0
0.005304201,1
0.005304301,0
0.005304401,1
0.005304501,0
0.005304601,1
0.005304901,0
0.005305001,1
0.005305101,0
0.005305201,1
0.005305301,0
0.005305901,1
0.005306201,0
0.005306501,1
0.005306701,0
0.005306801,1
0.005307301,0
0.005317601,1
0.005317701,0
0.005318901,1
0.005319001,0
0.005320201,1
0.005320301,0
0.005321301,1
0.005321501,0
0.005322701,1
0.005322801,0
0.005323701,1
0.005323801,0
0.005323901,1
0.005324001,0
0.005325001,1
0.005325201,0
0.005326101,1
0.005326401,0
0.005327601,1
0.005327701,0
0.005328501,1
0.005328601,0
0.005328801,1
0.005328901,0
0.005329801,1
0.005329901,0
0.005330001,1
0.005330101,0
0.005330901,1
0.005331101,0
0.005331201,1
0.005331301,0
0.005332301,1
0.005332501,0
0.005333301,1
0.005333401,0
0.005333501,1
0.005333701,0
0.005334601,1
0.005334901,0
0.005335701,1
0.005335801,0
0.005336001,1
0.005336301,0
0.005336601,1
0.005336901,0
0.005428901,1
0.005429001,0
0.005429201,1
0.005429301,0
0.005429401,1
0.005429501,0
0.005429601,1
0.005429701,0
0.005429901,1
0.005430101,0
0.005430201,1
0.005430301,0
0.005430901,1
0.005431201,0
0.005431501,1
0.005431701,0
0.005431801,1
0.005432301,0
0.005442601,1
0.005442701,0
0.005443901,1
0.005444001,0
0.005445201,1
0.005445301,0
0.005446301,1
0.005446501,0
0.005447701,1
0.005447801,0
0.005448701,1
0.005448801,0
0.005448901,1
0.005449001,0
0.005450001,1
0.005450201,0
0.005451101,1
0.005451401,0
0.005452601,1
0.005452701,0
0.005453501,1
0.005453601,0
0.005453801,1
0.005453901,0
0.005454801,1
0.005454901,0
0.005455001,1
0.005455101,0
0.005455901,1
0.005456101,0
0.005456201,1
0.005456301,0
0.005457301,1
0.005457501,0
0.005458301,1
0.005458401,0
0.005458501,1
0.005458701,0
0.005459601,1
0.005459901,0
0.005460701,1
0.005460801,0
0.005461001,1
0.005461301,0
0.005461601,1
0.005461901,0
0.005553901,1
0.005554001,0
0.005554201,1
0.005554301,0
0.005554401,1
0.005554501,0
0.005554601,1
0.005554801,0
0.005554901,1
0.005555101,0
0.005555201,1
0.005555301,0
0.005555901,1
0.005556201,0
0.005556501,1
0.005556701,0
0.005556801,1
0.005557301,0
0.005567601,1
0.005567701,0
0.005568901,1
0.005569001,0
0.005570201,1
0.005570301,0
0.005571301,1
0.005571501,0
0.005572701,1
0.005572801,0
0.005573701,1
0.005573801,0
0.005573901,1
0.005574001,0
0.005575001,1
0.005575201,0
0.005576101,1
0.005576401,0
0.005577601,1
0.005577701,0
0.005578501,1
0.005578601,0
0.005578801,1
0.005578901,0
0.005579801,1
0.005579901,0
0.005580001,1
0.005580101,0
0.005580901,1
0.005581101,0
0.005581201,1
0.005581301,0
0.005582301,1
0.005582501,0
0.005583301,1
0.005583401,0
0.005583501,1
0.005583701,0
0.005584601,1
0.005584901,0
0.005585701,1
0.005585801,0
0.005586001,1
0.005586301,0
0.005586601,1
0.005586901,0
0.005678901,1
0.005679001,0
0.005679201,1
0.005679301,0
0.005679401,1
0.005679501,0
0.005679601,1
0.005679701,0
0.005679801,1
0.005680101,0
0.005680201,1
0.005680301,0
0.005680901,1
0.005681201,0
0.005681501,1
0.005681701,0
0.005681801,1
0.005682301,0
0.005692601,1
0.005692701,0
0.005693901,1
0.005694001,0
0.005695201,1
0.005695301,0
0.005696301,1
0.005696501,0
0.005697701,1
0.005697801,0
0.005698701,1
0.005698801,0
0.005698901,1
0.005699001,0
0.005700001,1
0.005700201,0
0.005701101,1
0.005701401,0
0.005702601,1
0.005702701,0
0.005703501,1
0.005703601,0
0.005703801,1
0.005703901,0
0.005704801,1
0.005704901,0
0.005705001,1
0.005705101,0
0.005705901,1
0.005706101,0
0.005706201,1
0.005706301,0
0.005707301,1
0.005707501,0
0.005708301,1
0.005708401,0
0.005708501,1
0.005708701,0
0.005709601,1
0.005709901,0
0.005710701,1
0.005710801,0
0.005711001,1
0.005711301,0
0.005711601,1
0.005711901,0
0.005803901,1
0.005804001,0
0.005804201,1
0.005804301,0
0.005804401,1
0.005804501,0
0.005804601,1
0.005805101,0
0.005805201,1
0.005805301,0
0.005805901,1
0.005806201,0
0.005806501,1
0.005806701,0
0.005806801,1
0.005807301,0
0.005817601,1
0.005817701,0
0.005818901,1
0.005819001,0
0.005820201,1
0.005820301,0
0.005821301,1
0.005821501,0
0.005822701,1
0.005822801,0
0.005823701,1
0.005823801,0
0.005823901,1
0.005824001,0
0.005825001,1
0.005825201,0
0.005826101,1
0.005826401,0
0.005827601,1
0.005827701,0
0.005828501,1
0.005828601,0
0.005828801,1
0.005828901,0
0.005829801,1
0.005829901,0
0.005830001,1
0.005830101,0
0.005830901,1
0.005831101,0
0.005831201,1
0.005831301,0
0.005832301,1
0.005832501,0
0.005833301,1
0.005833401,0
0.005833501,1
0.005833701,0
0.005834601,1
0.005834901,0
0.005835701,1
0.005835801,0
0.005836001,1
0.005836301,0
0.005836601,1
0.005836901,0
0.005928901,1
0.005929001,0
0.005929201,1
0.005929301,0
0.005929401,1
0.005929501,0
0.005929601,1
0.005929701,0
0.005930101,1
0.005930301,0
0.005930901,1
0.005931201,0
0.005931501,1
0.005931701,0
0.005931801,1
0.005932301,0
0.005942601,1
0.005942701,0
0.005943901,1
0.005944001,0
0.005945201,1
0.005945301,0
0.005946301,1
0.005946501,0
0.005947701,1
0.005947801,0
0.005948701,1
0.005948801,0
0.005948901,1
0.005949001,0
0.005950001,1
0.005950201,0
0.005951101,1
0.005951401,0
0.005952601,1
0.005952701,0
0.005953501,1
0.005953601,0
0.005953801,1
0.005953901,0
0.005954801,1
0.005954901,0
0.005955001,1
0.005955101,0
0.005955901,1
0.005956101,0
0.005956201,1
0.005956301,0
0.005957301,1
0.005957501,0
0.005958301,1
0.005958401,0
0.005958501,1
0.005958701,0
0.005959601,1
0.005959901,0
0.005960701,1
0.005960801,0
0.005961001,1
0.005961301,0
0.005961601,1
0.005961901,0
0.006053901,1
0.006054001,0
0.006054201,1
0.006054301,0
0.006054401,1
0.006054501,0
0.006054601,1
0.006054801,0
0.006055101,1
0.006055301,0
0.006055901,1
0.006056201,0
0.006056501,1
0.006056701,0
0.006056801,1
0.006057301,0
0.006067601,1
0.006067701,0
0.006068901,1
0.006069001,0
0.006070201,1
0.006070301,0
0.006071301,1
0.006071501,0
0.006072701,1
0.006072801,0
0.006073701,1
0.006073801,0
0.006073901,1
0.006074001,0
0.006075001,1
0.006075201,0
0.006076101,1
0.006076401,0
0.006077601,1
0.006077701,0
0.006078501,1
0.006078601,0
0.006078801,1
0.006078901,0
0.006079801,1
0.006079901,0
0.006080001,1
0.006080101,0
0.006080901,1
0.006081101,0
0.006081201,1
0.006081301,0
0.006082301,1
0.006082501,0
0.006083301,1
0.006083401,0
0.006083501,1
0.006083701,0
0.006084601,1
0.006084901,0
0.006085701,1
0.006085801,0
0.006086001,1
0.006086301,0
0.006086601,1
0.006086901,0
0.006178901,1
0.006179001,0
0.006179201,1
0.006179301,0
0.006179401,1
0.006179501,0
0.006179601,1
0.006179701,0
0.006179801,1
0.006179901,0
0.006180101,1
0.006180301,0
0.006180901,1
0.006181201,0
0.006181501,1
0.006181701,0
0.006181801,1
0.006182301,0
0.006182401,1
0.006182501,0
0.006184201,1
0.006184301,0
0.006184501,1
0.006184601,0
0.006185701,1
0.006186001,0
0.006186301,1
0.006186401,0
0.006187401,1
0.006187501,0
0.006187701,1
0.006187801,0
0.006187901,1
0.006188101,0
0.006189101,1
0.006189301,0
0.006189401,1
0.006189501,0
0.006189801,1
0.006189901,0
0.006190801,1
0.006190901,0
0.006191001,1
0.006191201,0
0.006191301,1
0.006191401,0
0.006191501,1
0.006191601,0
0.006192501,1
0.006192701,0
0.006193901,1
0.006194001,0
0.006195201,1
0.006195301,0
0.006196301,1
0.006196501,0
0.006197701,1
0.006197801,0
0.006198701,1
0.006198801,0
0.006198901,1
0.006199001,0
0.006200001,1
0.006200201,0
0.006201101,1
0.006201401,0
0.006202601,1
0.006202701,0
0.006203501,1
0.006203601,0
0.006203801,1
0.006203901,0
0.006204801,1
0.006204901,0
0.006205001,1
0.006205101,0
0.006205901,1
0.006206101,0
0.006206201,1
0.006206301,0
0.006207301,1
0.006207501,0
0.006208301,1
0.006208401,0
0.006208501,1
0.006208701,0
0.006209601,1
0.006209901,0
0.006210701,1
0.006210801,0
0.006211001,1
0.006211301,0
0.006211601,1
0.006211901,0
0.006303901,1
0.006304001,0
0.006304201,1
0.006304301,0
0.006304401,1
0.006304501,0
0.006304601,1
0.006304901,0
0.006305101,1
0.006305301,0
0.006305901,1
0.006306201,0
0.006306501,1
0.006306701,0
0.006306801,1
0.006307301,0
0.006307401,1
0.006307501,0
0.006309201,1
0.006309301,0
0.006309501,1
0.006309601,0
0.006310701,1
0.006311001,0
0.006311301,1
0.006311401,0
0.006312401,1
0.006312501,0
0.006312701,1
0.006312801,0
0.006312901,1
0.006313101,0
0.006314101,1
0.006314301,0
0.006314401,1
0.006314501,0
0.006314801,1
0.006314901,0
0.006315801,1
0.006315901,0
0.006316001,1
0.006316201,0
0.006316301,1
0.006316401,0
0.006316501,1
0.006316601,0
0.006317501,1
0.006317701,0
0.006318901,1
0.006319001,0
0.006320201,1
0.006320301,0
0.006321301,1
0.006321501,0
0.006322701,1
0.006322801,0
0.006323701,1
0.006323801,0
0.006323901,1
0.006324001,0
0.006325001,1
0.006325201,0
0.006326101,1
0.006326401,0
0.006327601,1
0.006327701,0
0.006328501,1
0.006328601,0
0.006328801,1
0.006328901,0
0.006329801,1
0.006329901,0
0.006330001,1
0.006330101,0
0.006330901,1
0.006331101,0
0.006331201,1
0.006331301,0
0.006332301,1
0.006332501,0
0.006333301,1
0.006333401,0
0.006333501,1
0.006333701,0
0.006334601,1
0.006334901,0
0.006335701,1
0.006335801,0
0.006336001,1
0.006336301,0
0.006336601,1
0.006336901,0
0.006428901,1
0.006429001,0
0.006429201,1
0.006429301,0
0.006429401,1
0.006429501,0
0.006429601,1
0.006429701,0
0.006429901,1
0.006430001,0
0.006430101,1
0.006430301,0
0.006430901,1
0.006431201,0
0.006431501,1
0.006431701,0
0.006431801,1
0.006432301,0
0.006432401,1
0.006432501,0
0.006434201,1
0.006434301,0
0.006434501,1
0.006434601,0
0.006435701,1
0.006436001,0
0.006436301,1
0.006436401,0
0.006437401,1
0.006437501,0
0.006437701,1
0.006437801,0
0.006437901,1
0.006438101,0
0.006439101,1
0.006439301,0
0.006439401,1
0.006439501,0
0.006439801,1
0.006439901,0
0.006440801,1
0.006440901,0
0.006441001,1
0.006441201,0
0.006441301,1
0.006441401,0
0.006441501,1
0.006441601,0
0.006442501,1
0.006442701,0
0.006443901,1
0.006444001,0
0.006445201,1
0.006445301,0
0.006446301,1
0.006446501,0
0.006447701,1
0.006447801,0
0.006448701,1
0.006448801,0
0.006448901,1
0.006449001,0
0.006450001,1
0.006450201,0
0.006451101,1
0.006451401,0
0.006452601,1
0.006452701,0
0.006453501,1
0.006453601,0
0.006453801,1
0.006453901,0
0.006454801,1
0.006454901,0
0.006455001,1
0.006455101,0
0.006455901,1
0.006456101,0
0.006456201,1
0.006456301,0
0.006457301,1
0.006457501,0
0.006458301,1
0.006458401,0
0.006458501,1
0.006458701,0
0.006459601,1
0.006459901,0
0.006460701,1
0.006460801,0
0.006461001,1
0.006461301,0
0.006461601,1
0.006461901,0
0.006553901,1
0.006554001,0
0.006554201,1
0.006554301,0
0.006554401,1
0.006554501,0
0.006554601,1
0.006554801,0
0.006554901,1
0.006555001,0
0.006555101,1
0.006555301,0
0.006555901,1
0.006556201,0
0.006556501,1
0.006556701,0
0.006556801,1
0.006557301,0
0.006557401,1
0.006557501,0
0.006559201,1
0.006559301,0
0.006559501,1
0.006559601,0
0.006560701,1
0.006561001,0
0.006561301,1
0.006561401,0
0.006562401,1
0.006562501,0
0.006562701,1
0.006562801,0
0.006562901,1
0.006563101,0
0.006564101,1
0.006564301,0
0.006564401,1
0.006564501,0
0.006564801,1
0.006564901,0
0.006565801,1
0.006565901,0
0.006566001,1
0.006566201,0
0.006566301,1
0.006566401,0
0.006566501,1
0.006566601,0
0.006567501,1
0.006567701,0
0.006568901,1
0.006569001,0
0.006570201,1
0.006570301,0
0.006571301,1
0.006571501,0
0.006572701,1
0.006572801,0
0.006573701,1
0.006573801,0
0.006573901,1
0.006574001,0
0.006575001,1
0.006575201,0
0.006576101,1
0.006576401,0
0.006577601,1
0.006577701,0
0.006578501,1
0.006578601,0
0.006578801,1
0.006578901,0
0.006579801,1
0.006579901,0
0.006580001,1
0.006580101,0
0.006580901,1
0.006581101,0
0.006581201,1
0.006581301,0
0.006582301,1
0.006582501,0
0.006583301,1
0.006583401,0
0.006583501,1
0.006583701,0
0.006584601,1
0.006584901,0
0.006585701,1
0.006585801,0
0.006586001,1
0.006586301,0
0.006586601,1
0.006586901,0
0.006678901,1
0.006679001,0
0.006679201,1
0.006679301,0
0.006679401,1
0.006679501,0
0.006679601,1
0.006679701,0
0.006679801,1
0.006680001,0
0.006680101,1
0.006680301,0
0.006680901,1
0.006681201,0
0.006681501,1
0.006681701,0
0.006681801,1
0.006682301,0
0.006682401,1
0.006682501,0
0.006684201,1
0.006684301,0
0.006684501,1
0.006684601,0
0.006685701,1
0.006686001,0
0.006686301,1
0.006686401,0
0.006687401,1
0.006687501,0
0.006687701,1
0.006687801,0
0.006687901,1
0.006688101,0
0.006689101,1
0.006689301,0
0.006689401,1
0.006689501,0
0.006689801,1
0.006689901,0
0.006690801,1
0.006690901,0
0.006691001,1
0.006691201,0
0.006691301,1
0.006691401,0
0.006691501,1
0.006691601,0
0.006692501,1
0.006692701,0
0.006693901,1
0.006694001,0
0.006695201,1
0.006695301,0
0.006696301,1
0.006696501,0
0.006697701,1
0.006697801,0
0.006698701,1
0.006698801,0
0.006698901,1
0.006699001,0
0.006700001,1
0.006700201,0
0.006701101,1
0.006701401,0
0.006702601,1
0.006702701,0
0.006703501,1
0.006703601,0
0.006703801,1
0.006703901,0
0.006704801,1
0.006704901,0
0.006705001,1
0.006705101,0
0.006705901,1
0.006706101,0
0.006706201,1
0.006706301,0
0.006707301,1
0.006707501,0
0.006708301,1
0.006708401,0
0.006708501,1
0.006708701,0
0.006709601,1
0.006709901,0
0.006710701,1
0.006710801,0
0.006711001,1
0.006711301,0
0.006711601,1
0.006711901,0
0.006803901,1
0.006804001,0
0.006804201,1
0.006804301,0
0.006804401,1
0.006804501,0
0.006804601,1
0.006805001,0
0.006805101,1
0.006805301,0
0.006805901,1
0.006806201,0
0.006806501,1
0.006806701,0
0.006806801,1
0.006807301,0
0.006807401,1
0.006807501,0
0.006809201,1
0.006809301,0
0.006809501,1
0.006809601,0
0.006810701,1
0.006811001,0
0.006811301,1
0.006811401,0
0.006812401,1
0.006812501,0
0.006812701,1
0.006812801,0
0.006812901,1
0.006813101,0
0.006814101,1
0.006814301,0
0.006814401,1
0.006814501,0
0.006814801,1
0.006814901,0
0.006815801,1
0.006815901,0
0.006816001,1
0.006816201,0
0.006816301,1
0.006816401,0
0.006816501,1
0.006816601,0
0.006817501,1
0.006817701,0
0.006818901,1
0.006819001,0
0.006820201,1
0.006820301,0
0.006821301,1
0.006821501,0
0.006822701,1
0.006822801,0
0.006823701,1
0.006823801,0
0.006823901,1
0.006824001,0
0.006825001,1
0.006825201,0
0.006826101,1
0.006826401,0
0.006827601,1
0.006827701,0
0.006828501,1
0.006828601,0
0.006828801,1
0.006828901,0
0.006829801,1
0.006829901,0
0.006830001,1
0.006830101,0
0.006830901,1
0.006831101,0
0.006831201,1
0.006831301,0
0.006832301,1
0.006832501,0
0.006833301,1
0.006833401,0
0.006833501,1
0.006833701,0
0.006834601,1
0.006834901,0
0.006835701,1
0.006835801,0
0.006836001,1
0.006836301,0
0.006836601,1
0.006836901,0
0.006928901,1
0.006929001,0
0.006929201,1
0.006929301,0
0.006929401,1
0.006929501,0
0.006929601,1
0.006929701,0
0.006930001,1
0.006930301,0
0.006930901,1
0.006931201,0
0.006931501,1
0.006931701,0
0.006931801,1
0.006932301,0
0.006932401,1
0.006932501,0
0.006934201,1
0.006934301,0
0.006934501,1
0.006934601,0
0.006935701,1
0.006936001,0
0.006936301,1
0.006936401,0
0.006937401,1
0.006937501,0
0.006937701,1
0.006937801,0
0.006937901,1
0.006938101,0
0.006939101,1
0.006939301,0
0.006939401,1
0.006939501,0
0.006939801,1
0.006939901,0
0.006940801,1
0.006940901,0
0.006941001,1
0.006941201,0
0.006941301,1
0.006941401,0
0.006941501,1
0.006941601,0
0.006942501,1
0.006942701,0
0.006943901,1
0.006944001,0
0.006945201,1
0.006945301,0
0.006946301,1
0.006946501,0
0.006947701,1
0.006947801,0
0.006948701,1
0.006948801,0
0.006948901,1
0.006949001,0
0.006950001,1
0.006950201,0
0.006951101,1
0.006951401,0
0.006952601,1
0.006952701,0
0.006953501,1
0.006953601,0
0.006953801,1
0.006953901,0
0.006954801,1
0.006954901,0
0.006955001,1
0.006955101,0
0.006955901,1
0.006956101,0
0.006956201,1
0.006956301,0
0.006957301,1
0.006957501,0
0.006958301,1
0.006958401,0
0.006958501,1
0.006958701,0
0.006959601,1
0.006959901,0
0.006960701,1
0.006960801,0
0.006961001,1
0.006961301,0
0.006961601,1
0.006961901,0
0.007053901,1
0.007054001,0
0.007054201,1
0.007054301,0
0.007054401,1
0.007054501,0
0.007054601,1
0.007054801,0
0.007055001,1
0.007055301,0
0.007055901,1
0.007056201,0
0.007056501,1
0.007056701,0
0.007056801,1
0.007057301,0
0.007057401,1
0.007057501,0
0.007059201,1
0.007059301,0
0.007059501,1
0.007059601,0
0.007060701,1
0.007061001,0
0.007061301,1
0.007061401,0
0.007062401,1
0.007062501,0
0.007062701,1
0.007062801,0
0.007062901,1
0.007063101,0
0.007064101,1
0.007064301,0
0.007064401,1
0.007064501,0
0.007064801,1
0.007064901,0
0.007065801,1
0.007065901,0
0.007066001,1
0.007066201,0
0.007066301,1
0.007066401,0
0.007066501,1
0.007066601,0
0.007067501,1
0.007067701,0
0.007068901,1
0.007069001,0
0.007070201,1
0.007070301,0
0.007071301,1
0.007071501,0
0.007072701,1
0.007072801,0
0.007073701,1
0.007073801,0
0.007073901,1
0.007074001,0
0.007075001,1
0.007075201,0
0.007076101,1
0.007076401,0
0.007077601,1
0.007077701,0
0.007078501,1
0.007078601,0
0.007078801,1
0.007078901,0
0.007079801,1
0.007079901,0
0.007080001,1
0.007080101,0
0.007080901,1
0.007081101,0
0.007081201,1
0.007081301,0
0.007082301,1
0.007082501,0
0.007083301,1
0.007083401,0
0.007083501,1
0.007083701,0
0.007084601,1
0.007084901,0
0.007085701,1
0.007085801,0
0.007086001,1
0.007086301,0
0.007086601,1
0.007086901,0
0.007178901,1
0.007179001,0
0.007179201,1
0.007179301,0
0.007179401,1
0.007179501,0
0.007179601,1
0.007179701,0
0.007179801,1
0.007179901,0
0.007180001,1
0.007180301,0
0.007180901,1
0.007181201,0
0.007181501,1
0.007181701,0
0.007181801,1
0.007182301,0
0.007182401,1
0.007182501,0
0.007184201,1
0.007184301,0
0.007184501,1
0.007184601,0
0.007185701,1
0.007186001,0
0.007186301,1
0.007186401,0
0.007187401,1
0.007187501,0
0.007187701,1
0.007187801,0
0.007187901,1
0.007188101,0
0.007189101,1
0.007189301,0
0.007189401,1
0.007189501,0
0.007189801,1
0.007189901,0
0.007190801,1
0.007190901,0
0.007191001,1
0.007191201,0
0.007191301,1
0.007191401,0
0.007191501,1
0.007191601,0
0.007192501,1
0.007192701,0
0.007193901,1
0.007194001,0
0.007195201,1
0.007195301,0
0.007196301,1
0.007196501,0
0.007197701,1
0.007197801,0
0.007198701,1
0.007198801,0
0.007198901,1
0.007199001,0
0.007200001,1
0.007200201,0
0.007201101,1
0.007201401,0
0.007202601,1
0.007202701,0
0.007203501,1
0.007203601,0
0.007203801,1
0.007203901,0
0.007204801,1
0.007204901,0
0.007205001,1
0.007205101,0
0.007205901,1
0.007206101,0
0.007206201,1
0.007206301,0
0.007207301,1
0.007207501,0
0.007208301,1
0.007208401,0
0.007208501,1
0.007208701,0
0.007209601,1
0.007209901,0
0.007210701,1
0.007210801,0
0.007211001,1
0.007211301,0
0.007211601,1
0.007211901,0
0.007303901,1
0.007304001,0
0.007304201,1
0.007304301,0
0.007304401,1
0.007304501,0
0.007304601,1
0.007304901,0
0.007305001,1
0.007305301,0
0.007305901,1
0.007306201,0
0.007306501,1
0.007306701,0
0.007306801,1
0.007307301,0
0.007307401,1
0.007307501,0
0.007309201,1
0.007309301,0
0.007309501,1
0.007309601,0
0.007310701,1
0.007311001,0
0.007311301,1
0.007311401,0
0.007312401,1
0.007312501,0
0.007312701,1
0.007312801,0
0.007312901,1
0.007313101,0
0.007314101,1
0.007314301,0
0.007314401,1
0.007314501,0
0.007314801,1
0.007314901,0
0.007315801,1
0.007315901,0
0.007316001,1
0.007316201,0
0.007316301,1
0.007316401,0
0.007316501,1
0.007316601,0
0.007317501,1
0.007317701,0
0.007318901,1
0.007319001,0
0.007320201,1
0.007320301,0
0.007321301,1
0.007321501,0
0.007322701,1
0.007322801,0
0.007323701,1
0.007323801,0
0.007323901,1
0.007324001,0
0.007325001,1
0.007325201,0
0.007326101,1
0.007326401,0
0.007327601,1
0.007327701,0
0.007328501,1
0.007328601,0
0.007328801,1
0.007328901,0
0.007329801,1
0.007329901,0
0.007330001,1
0.007330101,0
0.007330901,1
0.007331101,0
0.007331201,1
0.007331301,0
0.007332301,1
0.007332501,0
0.007333301,1
0.007333401,0
0.007333501,1
0.007333701,0
0.007334601,1
0.007334901,0
0.007335701,1
0.007335801,0
0.007336001,1
0.007336301,0
0.007336601,1
0.007336901,0
0.007428901,1
0.007429001,0
0.007429201,1
0.007429301,0
0.007429401,1
0.007429501,0
0.007429601,1
0.007429701,0
0.007429901,1
0.007430301,0
0.007430901,1
0.007431201,0
0.007431501,1
0.007431701,0
0.007431801,1
0.007432301,0
0.007432401,1
0.007432501,0
0.007434201,1
0.007434301,0
0.007434501,1
0.007434601,0
0.007435701,1
0.007436001,0
0.007436301,1
0.007436401,0
0.007437401,1
0.007437501,0
0.007437701,1
0.007437801,0
0.007437901,1
0.007438101,0
0.007439101,1
0.007439301,0
0.007439401,1
0.007439501,0
0.007439801,1
0.007439901,0
0.007440801,1
0.007440901,0
0.007441001,1
0.007441201,0
0.007441301,1
0.007441401,0
0.007441501,1
0.007441601,0
0.007442501,1
0.007442701,0
0.007443901,1
0.007444001,0
0.007445201,1
0.007445301,0
0.007446301,1
0.007446501,0
0.007447701,1
0.007447801,0
0.007448701,1
0.007448801,0
0.007448901,1
0.007449001,0
0.007450001,1
0.007450201,0
0.007451101,1
0.007451401,0
0.007452601,1
0.007452701,0
0.007453501,1
0.007453601,0
0.007453801,1
0.007453901,0
0.007454801,1
0.007454901,0
0.007455001,1
0.007455101,0
0.007455901,1
0.007456101,0
0.007456201,1
0.007456301,0
0.007457301,1
0.007457501,0
0.007458301,1
0.007458401,0
0.007458501,1
0.007458701,0
0.007459601,1
0.007459901,0
0.007460701,1
0.007460801,0
0.007461001,1
0.007461301,0
0.007461601,1
0.007461901,0
0.007553901,1
0.007554001,0
0.007554201,1
0.007554301,0
0.007554401,1
0.007554501,0
0.007554601,1
0.007554801,0
0.007554901,1
0.007555301,0
0.007555901,1
0.007556201,0
0.007556501,1
0.007556701,0
0.007556801,1
0.007557301,0
0.007557401,1
0.007557501,0
0.007559201,1
0.007559301,0
0.007559501,1
0.007559601,0
0.007560701,1
0.007561001,0
0.007561301,1
0.007561401,0
0.007562401,1
0.007562501,0
0.007562701,1
0.007562801,0
0.007562901,1
0.007563101,0
0.007564101,1
0.007564301,0
0.007564401,1
0.007564501,0
0.007564801,1
0.007564901,0
0.007565801,1
0.007565901,0
0.007566001,1
0.007566201,0
0.007566301,1
0.007566401,0
0.007566501,1
0.007566601,0
0.007567501,1
0.007567701,0
0.007568901,1
0.007569001,0
0.007570201,1
0.007570301,0
0.007571301,1
0.007571501,0
0.007572701,1
0.007572801,0
0.007573701,1
0.007573801,0
0.007573901,1
0.007574001,0
0.007575001,1
0.007575201,0
0.007576101,1
0.007576401,0
0.007577601,1
0.007577701,0
0.007578501,1
0.007578601,0
0.007578801,1
0.007578901,0
0.007579801,1
0.007579901,0
0.007580001,1
0.007580101,0
0.007580901,1
0.007581101,0
0.007581201,1
0.007581301,0
0.007582301,1
0.007582501,0
0.007583301,1
0.007583401,0
0.007583501,1
0.007583701,0
0.007584601,1
0.007584901,0
0.007585701,1
0.007585801,0
0.007586001,1
0.007586301,0
0.007586601,1
0.007586901,0
0.007678901,1
0.007679001,0
0.007679201,1
0.007679301,0
0.007679401,1
0.007679501,0
0.007679601,1
0.007679701,0
0.007679801,1
0.007680301,0
0.007680901,1
0.007681201,0
0.007681501,1
0.007681701,0
0.007681801,1
0.007682301,0
0.007682401,1
0.007682501,0
0.007684201,1
0.007684301,0
0.007684501,1
0.007684601,0
0.007685701,1
0.007686001,0
0.007686301,1
0.007686401,0
0.007687401,1
0.007687501,0
0.007687701,1
0.007687801,0
0.007687901,1
0.007688101,0
0.007689101,1
0.007689301,0
0.007689401,1
0.007689501,0
0.007689801,1
0.007689901,0
0.007690801,1
0.007690901,0
0.007691001,1
0.007691201,0
0.007691301,1
0.007691401,0
0.007691501,1
0.007691601,0
0.007692501,1
0.007692701,0
0.007693901,1
0.007694001,0
0.007695201,1
0.007695301,0
0.007696301,1
0.007696501,0
0.007697701,1
0.007697801,0
0.007698701,1
0.007698801,0
0.007698901,1
0.007699001,0
0.007700001,1
0.007700201,0
0.007701101,1
0.007701401,0
0.007702601,1
0.007702701,0
0.007703501,1
0.007703601,0
0.007703801,1
0.007703901,0
0.007704801,1
0.007704901,0
0.007705001,1
0.007705101,0
0.007705901,1
0.007706101,0
0.007706201,1
0.007706301,0
0.007707301,1
0.007707501,0
0.007708301,1
0.007708401,0
0.007708501,1
0.007708701,0
0.007709601,1
0.007709901,0
0.007710701,1
0.007710801,0
0.007711001,1
0.007711301,0
0.007711601,1
0.007711901,0
0.007803901,1
0.007804001,0
0.007804201,1
0.007804301,0
0.007804401,1
0.007804501,0
0.007804601,1
0.007805301,0
0.007805901,1
0.007806201,0
0.007806501,1
0.007806701,0
0.007806801,1
0.007807301,0
0.007807401,1
0.007807501,0
0.007809201,1
0.007809301,0
0.007809501,1
0.007809601,0
0.007810701,1
0.007811001,0
0.007811301,1
0.007811401,0
0.007812401,1
0.007812501,0
0.007812701,1
0.007812801,0
0.007812901,1
0.007813101,0
0.007814101,1
0.007814301,0
0.007814401,1
0.007814501,0
0.007814801,1
0.007814901,0
0.007815801,1
0.007815901,0
0.007816001,1
0.007816201,0
0.007816301,1
0.007816401,0
0.007816501,1
0.007816601,0
0.007817501,1
0.007817701,0
0.007818901,1
0.007819001,0
0.007820201,1
0.007820301,0
0.007821301,1
0.007821501,0
0.007822701,1
0.007822801,0
0.007823701,1
0.007823801,0
0.007823901,1
0.007824001,0
0.007825001,1
0.007825201,0
0.007826101,1
0.007826401,0
0.007827601,1
0.007827701,0
0.007828501,1
0.007828601,0
0.007828801,1
0.007828901,0
0.007829801,1
0.007829901,0
0.007830001,1
0.007830101,0
0.007830901,1
0.007831101,0
0.007831201,1
0.007831301,0
0.007832301,1
0.007832501,0
0.007833301,1
0.007833401,0
0.007833501,1
0.007833701,0
0.007834601,1
0.007834901,0
0.007835701,1
0.007835801,0
0.007836001,1
0.007836301,0
0.007836601,1
0.007836901,0
0.007928901,1
0.007929001,0
0.007929201,1
0.007929301,0
0.007929401,1
0.007929501,0
0.007929601,1
0.007929701,0
0.007930301,1
0.007930401,0
0.007930901,1
0.007931201,0
0.007931501,1
0.007931701,0
0.007931801,1
0.007932301,0
0.007932401,1
0.007932501,0
0.007934201,1
0.007934301,0
0.007934501,1
0.007934601,0
0.007935701,1
0.007936001,0
0.007936301,1
0.007936401,0
0.007937401,1
0.007937501,0
0.007937701,1
0.007937801,0
0.007937901,1
0.007938101,0
0.007939101,1
0.007939301,0
0.007939401,1
0.007939501,0
0.007939801,1
0.007939901,0
0.007940801,1
0.007940901,0
0.007941001,1
0.007941201,0
0.007941301,1
0.007941401,0
0.007941501,1
0.007941601,0
0.007942501,1
0.007942701,0
0.007943901,1
0.007944001,0
0.007945201,1
0.007945301,0
0.007946301,1
0.007946501,0
0.007947701,1
0.007947801,0
0.007948701,1
0.007948801,0
0.007948901,1
0.007949001,0
0.007950001,1
0.007950201,0
0.007951101,1
0.007951401,0
0.007952601,1
0.007952701,0
0.007953501,1
0.007953601,0
0.007953801,1
0.007953901,0
0.007954801,1
0.007954901,0
0.007955001,1
0.007955101,0
0.007955901,1
0.007956101,0
0.007956201,1
0.007956301,0
0.007957301,1
0.007957501,0
0.007958301,1
0.007958401,0
0.007958501,1
0.007958701,0
0.007959601,1
0.007959901,0
0.007960701,1
0.007960801,0
0.007961001,1
0.007961301,0
0.007961601,1
0.007961901,0
0.008053901,1
0.008054001,0
0.008054201,1
0.008054301,0
0.008054401,1
0.008054501,0
0.008054601,1
0.008054801,0
0.008055301,1
0.008055401,0
0.008055901,1
0.008056201,0
0.008056501,1
0.008056701,0
0.008056801,1
0.008057301,0
0.008057401,1
0.008057501,0
0.008059201,1
0.008059301,0
0.008059501,1
0.008059601,0
0.008060701,1
0.008061001,0
0.008061301,1
0.008061401,0
0.008062401,1
0.008062501,0
0.008062701,1
0.008062801,0
0.008062901,1
0.008063101,0
0.008064101,1
0.008064301,0
0.008064401,1
0.008064501,0
0.008064801,1
0.008064901,0
0.008065801,1
0.008065901,0
0.008066001,1
0.008066201,0
0.008066301,1
0.008066401,0
0.008066501,1
0.008066601,0
0.008067501,1
0.008067701,0
0.008068901,1
0.008069001,0
0.008070201,1
0.008070301,0
0.008071301,1
0.008071501,0
0.008072701,1
0.008072801,0
0.008073701,1
0.008073801,0
0.008073901,1
0.008074001,0
0.008075001,1
0.008075201,0
0.008076101,1
0.008076401,0
0.008077601,1
0.008077701,0
0.008078501,1
0.008078601,0
0.008078801,1
0.008078901,0
0.008079801,1
0.008079901,0
0.008080001,1
0.008080101,0
0.008080901,1
0.008081101,0
0.008081201,1
0.008081301,0
0.008082301,1
0.008082501,0
0.008083301,1
0.008083401,0
0.008083501,1
0.008083701,0
0.008084601,1
0.008084901,0
0.008085701,1
0.008085801,0
0.008086001,1
0.008086301,0
0.008086601,1
0.008086901,0
0.008178901,1
0.008179001,0
0.008179201,1
0.008179301,0
0.008179401,1
0.008179501,0
0.008179601,1
0.008179701,0
0.008179801,1
0.008179901,0
0.008180301,1
0.008180401,0
0.008180901,1
0.008181201,0
0.008181501,1
0.008181701,0
0.008181801,1
0.008182301,0
0.008182501,1
0.008182601,0
0.008184101,1
0.008184301,0
0.008184501,1
0.008184601,0
0.008185701,1
0.008185801,0
0.008186001,1
0.008186101,0
0.008186301,1
0.008186401,0
0.008187401,1
0.008187601,0
0.008187701,1
0.008187801,0
0.008187901,1
0.008188101,0
0.008189101,1
0.008189201,0
0.008189301,1
0.008189501,0
0.008189801,1
0.008189901,0
0.008190801,1
0.008191201,0
0.008191301,1
0.008191401,0
0.008191501,1
0.008191601,0
0.008192501,1
0.008192701,0
0.008193901,1
0.008194001,0
0.008195201,1
0.008195301,0
0.008196301,1
0.008196501,0
0.008197701,1
0.008197801,0
0.008198701,1
0.008198801,0
0.008198901,1
0.008199001,0
0.008200001,1
0.008200201,0
0.008201101,1
0.008201401,0
0.008202601,1
0.008202701,0
0.008203501,1
0.008203601,0
0.008203801,1
0.008203901,0
0.008204801,1
0.008204901,0
0.008205001,1
0.008205101,0
0.008205901,1
0.008206101,0
0.008206201,1
0.008206301,0
0.008207301,1
0.008207501,0
0.008208301,1
0.008208401,0
0.008208501,1
0.008208701,0
0.008209601,1
0.008209901,0
0.008210701,1
0.008210801,0
0.008211001,1
0.008211301,0
0.008211601,1
0.008211901,0
0.008303901,1
0.008304001,0
0.008304201,1
0.008304301,0
0.008304401,1
0.008304501,0
0.008304601,1
0.008304901,0
0.008305301,1
0.008305401,0
0.008305901,1
0.008306201,0
0.008306501,1
0.008306701,0
0.008306801,1
0.008307301,0
0.008307501,1
0.008307601,0
0.008309101,1
0.008309301,0
0.008309501,1
0.008309601,0
0.008310701,1
0.008310801,0
0.008311001,1
0.008311101,0
0.008311301,1
0.008311401,0
0.008312401,1
0.008312601,0
0.008312701,1
0.008312801,0
0.008312901,1
0.008313101,0
0.008314101,1
0.008314201,0
0.008314301,1
0.008314501,0
0.008314801,1
0.008314901,0
0.008315801,1
0.008316201,0
0.008316301,1
0.008316401,0
0.008316501,1
0.008316601,0
0.008317501,1
0.008317701,0
0.008318901,1
0.008319001,0
0.008320201,1
0.008320301,0
0.008321301,1
0.008321501,0
0.008322701,1
0.008322801,0
0.008323701,1
0.008323801,0
0.008323901,1
0.008324001,0
0.008325001,1
0.008325201,0
0.008326101,1
0.008326401,0
0.008327601,1
0.008327701,0
0.008328501,1
0.008328601,0
0.008328801,1
0.008328901,0
0.008329801,1
0.008329901,0
0.008330001,1
0.008330101,0
0.008330901,1
0.008331101,0
0.008331201,1
0.008331301,0
0.008332301,1
0.008332501,0
0.008333301,1
0.008333401,0
0.008333501,1
0.008333701,0
0.008334601,1
0.008334901,0
0.008335701,1
0.008335801,0
0.008336001,1
0.008336301,0
0.008336601,1
0.008336901,0
0.008428901,1
0.008429001,0
0.008429201,1
0.008429301,0
0.008429401,1
0.008429501,0
0.008429601,1
0.008429701,0
0.008429901,1
0.008430001,0
0.008430301,1
0.008430401,0
0.008430901,1
0.008431201,0
0.008431501,1
0.008431701,0
0.008431801,1
0.008432301,0
0.008432501,1
0.008432601,0
0.008434101,1
0.008434301,0
0.008434501,1
0.008434601,0
0.008435701,1
0.008435801,0
0.008436001,1
0.008436101,0
0.008436301,1
0.008436401,0
0.008437401,1
0.008437601,0
0.008437701,1
0.008437801,0
0.008437901,1
0.008438101,0
0.008439101,1
0.008439201,0
0.008439301,1
0.008439501,0
0.008439801,1
0.008439901,0
0.008440801,1
0.008441201,0
0.008441301,1
0.008441401,0
0.008441501,1
0.008441601,0
0.008442501,1
0.008442701,0
0.008443901,1
0.008444001,0
0.008445201,1
0.008445301,0
0.008446301,1
0.008446501,0
0.008447701,1
0.008447801,0
0.008448701,1
0.008448801,0
0.008448901,1
0.008449001,0
0.008450001,1
0.008450201,0
0.008451101,1
0.008451401,0
0.008452601,1
0.008452701,0
0.008453501,1
0.008453601,0
0.008453801,1
0.008453901,0
0.008454801,1
0.008454901,0
0.008455001,1
0.008455101,0
0.008455901,1
0.008456101,0
0.008456201,1
0.008456301,0
0.008457301,1
0.008457501,0
0.008458301,1
0.008458401,0
0.008458501,1
0.008458701,0
0.008459601,1
0.008459901,0
0.008460701,1
0.008460801,0
0.008461001,1
0.008461301,0
0.008461601,1
0.008461901,0
0.008553901,1
0.008554001,0
0.008554201,1
0.008554301,0
0.008554401,1
0.008554501,0
0.008554601,1
0.008554801,0
0.008554901,1
0.008555001,0
0.008555301,1
0.008555401,0
0.008555901,1
0.008556201,0
0.008556501,1
0.008556701,0
0.008556801,1
0.008557301,0
0.008557501,1
0.008557601,0
0.008559101,1
0.008559301,0
0.008559501,1
0.008559601,0
0.008560701,1
0.008560801,0
0.008561001,1
0.008561101,0
0.008561301,1
0.008561401,0
0.008562401,1
0.008562601,0
0.008562701,1
0.008562801,0
0.008562901,1
0.008563101,0
0.008564101,1
0.008564201,0
0.008564301,1
0.008564501,0
0.008564801,1
0.008564901,0
0.008565801,1
0.008566201,0
0.008566301,1
0.008566401,0
0.008566501,1
0.008566601,0
0.008567501,1
0.008567701,0
0.008568901,1
0.008569001,0
0.008570201,1
0.008570301,0
0.008571301,1
0.008571501,0
0.008572701,1
0.008572801,0
0.008573701,1
0.008573801,0
0.008573901,1
0.008574001,0
0.008575001,1
0.008575201,0
0.008576101,1
0.008576401,0
0.008577601,1
0.008577701,0
0.008578501,1
0.008578601,0
0.008578801,1
0.008578901,0
0.008579801,1
0.008579901,0
0.008580001,1
0.008580101,0
0.008580901,1
0.008581101,0
0.008581201,1
0.008581301,0
0.008582301,1
0.008582501,0
0.008583301,1
0.008583401,0
0.008583501,1
0.008583701,0
0.008584601,1
0.008584901,0
0.008585701,1
0.008585801,0
0.008586001,1
0.008586301,0
0.008586601,1
0.008586901,0
0.008678901,1
0.008679001,0
0.008679201,1
0.008679301,0
0.008679401,1
0.008679501,0
0.008679601,1
0.008679701,0
0.008679801,1
0.008680001,0
0.008680301,1
0.008680401,0
0.008680901,1
0.008681201,0
0.008681501,1
0.008681701,0
0.008681801,1
0.008682301,0
0.008682501,1
0.008682601,0
0.008684101,1
0.008684301,0
0.008684501,1
0.008684601,0
0.008685701,1
0.008685801,0
0.008686001,1
0.008686101,0
0.008686301,1
0.008686401,0
0.008687401,1
0.008687601,0
0.008687701,1
0.008687801,0
0.008687901,1
0.008688101,0
0.008689101,1
0.008689201,0
0.008689301,1
0.008689501,0
0.008689801,1
0.008689901,0
0.008690801,1
0.008691201,0
0.008691301,1
0.008691401,0
0.008691501,1
0.008691601,0
0.008692501,1
0.008692701,0
0.008693901,1
0.008694001,0
0.008695201,1
0.008695301,0
0.008696301,1
0.008696501,0
0.008697701,1
0.008697801,0
0.008698701,1
0.008698801,0
0.008698901,1
0.008699001,0
0.008700001,1
0.008700201,0
0.008701101,1
0.008701401,0
0.008702601,1
0.008702701,0
0.008703501,1
0.008703601,0
0.008703801,1
0.008703901,0
0.008704801,1
0.008704901,0
0.008705001,1
0.008705101,0
0.008705901,1
0.008706101,0
0.008706201,1
0.008706301,0
0.008707301,1
0.008707501,0
0.008708301,1
0.008708401,0
0.008708501,1
0.008708701,0
0.008709601,1
0.008709901,0
0.008710701,1
0.008710801,0
0.008711001,1
0.008711301,0
0.008711601,1
0.008711901,0
0.008803901,1
0.008804001,0
0.008804201,1
0.008804301,0
0.008804401,1
0.008804501,0
0.008804601,1
0.008805001,0
0.008805301,1
0.008805401,0
0.008805901,1
0.008806201,0
0.008806501,1
0.008806701,0
0.008806801,1
0.008807301,0
0.008807501,1
0.008807601,0
0.008809101,1
0.008809301,0
0.008809501,1
0.008809601,0
0.008810701,1
0.008810801,0
0.008811001,1
0.008811101,0
0.008811301,1
0.008811401,0
0.008812401,1
0.008812601,0
0.008812701,1
0.008812801,0
0.008812901,1
0.008813101,0
0.008814101,1
0.008814201,0
0.008814301,1
0.008814501,0
0.008814801,1
0.008814901,0
0.008815801,1
0.008816201,0
0.008816301,1
0.008816401,0
0.008816501,1
0.008816601,0
0.008817501,1
0.008817701,0
0.008818901,1
0.008819001,0
0.008820201,1
0.008820301,0
0.008821301,1
0.008821501,0
0.008822701,1
0.008822801,0
0.008823701,1
0.008823801,0
0.008823901,1
0.008824001,0
0.008825001,1
0.008825201,0
0.008826101,1
0.008826401,0
0.008827601,1
0.008827701,0
0.008828501,1
0.008828601,0
0.008828801,1
0.008828901,0
0.008829801,1
0.008829901,0
0.008830001,1
0.008830101,0
0.008830901,1
0.008831101,0
0.008831201,1
0.008831301,0
0.008832301,1
0.008832501,0
0.008833301,1
0.008833401,0
0.008833501,1
0.008833701,0
0.008834601,1
0.008834901,0
0.008835701,1
0.008835801,0
0.008836001,1
0.008836301,0
0.008836601,1
0.008836901,0
0.008928901,1
0.008929001,0
0.008929201,1
0.008929301,0
0.008929401,1
0.008929501,0
0.008929601,1
0.008929701,0
0.008930001,1
0.008930101,0
0.008930301,1
0.008930401,0
0.008930901,1
0.008931201,0
0.008931501,1
0.008931701,0
0.008931801,1
0.008932301,0
0.008932501,1
0.008932601,0
0.008934101,1
0.008934301,0
0.008934501,1
0.008934601,0
0.008935701,1
0.008935801,0
0.008936001,1
0.008936101,0
0.008936301,1
0.008936401,0
0.008937401,1
0.008937601,0
0.008937701,1
0.008937801,0
0.008937901,1
0.008938101,0
0.008939101,1
0.008939201,0
0.008939301,1
0.008939501,0
0.008939801,1
0.008939901,0
0.008940801,1
0.008941201,0
0.008941301,1
0.008941401,0
0.008941501,1
0.008941601,0
0.008942501,1
0.008942701,0
0.008943901,1
0.008944001,0
0.008945201,1
0.008945301,0
0.008946301,1
0.008946501,0
0.008947701,1
0.008947801,0
0.008948701,1
0.008948801,0
0.008948901,1
0.008949001,0
0.008950001,1
0.008950201,0
0.008951101,1
0.008951401,0
0.008952601,1
0.008952701,0
0.008953501,1
0.008953601,0
0.008953801,1
0.008953901,0
0.008954801,1
0.008954901,0
0.008955001,1
0.008955101,0
0.008955901,1
0.008956101,0
0.008956201,1
0.008956301,0
0.008957301,1
0.008957501,0
0.008958301,1
0.008958401,0
0.008958501,1
0.008958701,0
0.008959601,1
0.008959901,0
0.008960701,1
0.008960801,0
0.008961001,1
0.008961301,0
0.008961601,1
0.008961901,0
0.009053901,1
0.009054001,0
0.009054201,1
0.009054301,0
0.009054401,1
0.009054501,0
0.009054601,1
0.009054801,0
0.009055001,1
0.009055101,0
0.009055301,1
0.009055401,0
0.009055901,1
0.009056201,0
0.009056501,1
0.009056701,0
0.009056801,1
0.009057301,0
0.009057501,1
0.009057601,0
0.009059101,1
0.009059301,0
0.009059501,1
0.009059601,0
0.009060701,1
0.009060801,0
0.009061001,1
0.009061101,0
0.009061301,1
0.009061401,0
0.009062401,1
0.009062601,0
0.009062701,1
0.009062801,0
0.009062901,1
0.009063101,0
0.009064101,1
0.009064201,0
0.009064301,1
0.009064501,0
0.009064801,1
0.009064901,0
0.009065801,1
0.009066201,0
0.009066301,1
0.009066401,0
0.009066501,1
0.009066601,0
0.009067501,1
0.009067701,0
0.009068901,1
0.009069001,0
0.009070201,1
0.009070301,0
0.009071301,1
0.009071501,0
0.009072701,1
0.009072801,0
0.009073701,1
0.009073801,0
0.009073901,1
0.009074001,0
0.009075001,1
0.009075201,0
0.009076101,1
0.009076401,0
0.009077601,1
0.009077701,0
0.009078501,1
0.009078601,0
0.009078801,1
0.009078901,0
0.009079801,1
0.009079901,0
0.009080001,1
0.009080101,0
0.009080901,1
0.009081101,0
0.009081201,1
0.009081301,0
0.009082301,1
0.009082501,0
0.009083301,1
0.009083401,0
0.009083501,1
0.009083701,0
0.009084601,1
0.009084901,0
0.009085701,1
0.009085801,0
0.009086001,1
0.009086301,0
0.009086601,1
0.009086901,0
0.009178901,1
0.009179001,0
0.009179201,1
0.009179301,0
0.009179401,1
0.009179501,0
0.009179601,1
0.009179701,0
0.009179801,1
0.009179901,0
0.009180001,1
0.009180101,0
0.009180301,1
0.009180401,0
0.009180901,1
0.009181201,0
0.009181501,1
0.009181701,0
0.009181801,1
0.009182301,0
0.009182501,1
0.009182601,0
0.009184101,1
0.009184301,0
0.009184501,1
0.009184601,0
0.009185701,1
0.009185801,0
0.009186001,1
0.009186101,0
0.009186301,1
0.009186401,0
0.009187401,1
0.009187601,0
0.009187701,1
0.009187801,0
0.009187901,1
0.009188101,0
0.009189101,1
0.009189201,0
0.009189301,1
0.009189501,0
0.009189801,1
0.009189901,0
0.009190801,1
0.009191201,0
0.009191301,1
0.009191401,0
0.009191501,1
0.009191601,0
0.009192501,1
0.009192701,0
0.009193901,1
0.009194001,0
0.009195201,1
0.009195301,0
0.009196301,1
0.009196501,0
0.009197701,1
0.009197801,0
0.009198701,1
0.009198801,0
0.009198901,1
0.009199001,0
0.009200001,1
0.009200201,0
0.009201101,1
0.009201401,0
0.009202601,1
0.009202701,0
0.009203501,1
0.009203601,0
0.009203801,1
0.009203901,0
0.009204801,1
0.009204901,0
0.009205001,1
0.009205101,0
0.009205901,1
0.009206101,0
0.009206201,1
0.009206301,0
0.009207301,1
0.009207501,0
0.009208301,1
0.009208401,0
0.009208501,1
0.009208701,0
0.009209601,1
0.009209901,0
0.009210701,1
0.009210801,0
0.009211001,1
0.009211301,0
0.009211601,1
0.009211901,0
0.009303901,1
0.009304001,0
0.009304201,1
0.009304301,0
0.009304401,1
0.009304501,0
0.009304601,1
0.009304901,0
0.009305001,1
0.009305101,0
0.009305301,1
0.009305401,0
0.009305901,1
0.009306201,0
0.009306501,1
0.009306701,0
0.009306801,1
0.009307301,0
0.009307501,1
0.009307601,0
0.009309101,1
0.009309301,0
0.009309501,1
0.009309601,0
0.009310701,1
0.009310801,0
0.009311001,1
0.009311101,0
0.009311301,1
0.009311401,0
0.009312401,1
0.009312601,0
0.009312701,1
0.009312801,0
0.009312901,1
0.009313101,0
0.009314101,1
0.009314201,0
0.009314301,1
0.009314501,0
0.009314801,1
0.009314901,0
0.009315801,1
0.009316201,0
0.009316301,1
0.009316401,0
0.009316501,1
0.009316601,0
0.009317501,1
0.009317701,0
0.009318901,1
0.009319001,0
0.009320201,1
0.009320301,0
0.009321301,1
0.009321501,0
0.009322701,1
0.009322801,0
0.009323701,1
0.009323801,0
0.009323901,1
0.009324001,0
0.009325001,1
0.009325201,0
0.009326101,1
0.009326401,0
0.009327601,1
0.009327701,0
0.009328501,1
0.009328601,0
0.009328801,1
0.009328901,0
0.009329801,1
0.009329901,0
0.009330001,1
0.009330101,0
0.009330901,1
0.009331101,0
0.009331201,1
0.009331301,0
0.009332301,1
0.009332501,0
0.009333301,1
0.009333401,0
0.009333501,1
0.009333701,0
0.009334601,1
0.009334901,0
0.009335701,1
0.009335801,0
0.009336001,1
0.009336301,0
0.009336601,1
0.009336901,0
0.009428901,1
0.009429001,0
0.009429201,1
0.009429301,0
0.009429401,1
0.009429501,0
0.009429601,1
0.009429701,0
0.009429901,1
0.009430101,0
0.009430301,1
0.009430401,0
0.009430901,1
0.009431201,0
0.009431501,1
0.009431701,0
0.009431801,1
0.009432301,0
0.009432501,1
0.009432601,0
0.009434101,1
0.009434301,0
0.009434501,1
0.009434601,0
0.009435701,1
0.009435801,0
0.009436001,1
0.009436101,0
0.009436301,1
0.009436401,0
0.009437401,1
0.009437601,0
0.009437701,1
0.009437801,0
0.009437901,1
0.009438101,0
0.009439101,1
0.009439201,0
0.009439301,1
0.009439501,0
0.009439801,1
0.009439901,0
0.009440801,1
0.009441201,0
0.009441301,1
0.009441401,0
0.009441501,1
0.009441601,0
0.009442501,1
0.009442701,0
0.009443901,1
0.009444001,0
0.009445201,1
0.009445301,0
0.009446301,1
0.009446501,0
0.009447701,1
0.009447801,0
0.009448701,1
0.009448801,0
0.009448901,1
0.009449001,0
0.009450001,1
0.009450201,0
0.009451101,1
0.009451401,0
0.009452601,1
0.009452701,0
0.009453501,1
0.009453601,0
0.009453801,1
0.009453901,0
0.009454801,1
0.009454901,0
0.009455001,1
0.009455101,0
0.009455901,1
0.009456101,0
0.009456201,1
0.009456301,0
0.009457301,1
0.009457501,0
0.009458301,1
0.009458401,0
0.009458501,1
0.009458701,0
0.009459601,1
0.009459901,0
0.009460701,1
0.009460801,0
0.009461001,1
0.009461301,0
0.009461601,1
0.009461901,0
0.009553901,1
0.009554001,0
0.009554201,1
0.009554301,0
0.009554401,1
0.009554501,0
0.009554601,1
0.009554801,0
0.009554901,1
0.009555101,0
0.009555301,1
0.009555401,0
0.009555901,1
0.009556201,0
0.009556501,1
0.009556701,0
0.009556801,1
0.009557301,0
0.009557501,1
0.009557601,0
0.009559101,1
0.009559301,0
0.009559501,1
0.009559601,0
0.009560701,1
0.009560801,0
0.009561001,1
0.009561101,0
0.009561301,1
0.009561401,0
0.009562401,1
0.009562601,0
0.009562701,1
0.009562801,0
0.009562901,1
0.009563101,0
0.009564101,1
0.009564201,0
0.009564301,1
0.009564501,0
0.009564801,1
0.009564901,0
0.009565801,1
0.009566201,0
0.009566301,1
0.009566401,0
0.009566501,1
0.009566601,0
0.009567501,1
0.009567701,0
0.009568901,1
0.009569001,0
0.009570201,1
0.009570301,0
0.009571301,1
0.009571501,0
0.009572701,1
0.009572801,0
0.009573701,1
0.009573801,0
0.009573901,1
0.009574001,0
0.009575001,1
0.009575201,0
0.009576101,1
0.009576401,0
0.009577601,1
0.009577701,0
0.009578501,1
0.009578601,0
0.009578801,1
0.009578901,0
0.009579801,1
0.009579901,0
0.009580001,1
0.009580101,0
0.009580901,1
0.009581101,0
0.009581201,1
0.009581301,0
0.009582301,1
0.009582501,0
0.009583301,1
0.009583401,0
0.009583501,1
0.009583701,0
0.009584601,1
0.009584901,0
0.009585701,1
0.009585801,0
0.009586001,1
0.009586301,0
0.009586601,1
0.009586901,0
0.009678901,1
0.009679001,0
0.009679201,1
0.009679301,0
0.009679401,1
0.009679501,0
0.009679601,1
0.009679701,0
0.009679801,1
0.009680101,0
0.009680301,1
0.009680401,0
0.009680901,1
0.009681201,0
0.009681501,1
0.009681701,0
0.009681801,1
0.009682301,0
0.009682501,1
0.009682601,0
0.009684101,1
0.009684301,0
0.009684501,1
0.009684601,0
0.009685701,1
0.009685801,0
0.009686001,1
0.009686101,0
0.009686301,1
0.009686401,0
0.009687401,1
0.009687601,0
0.009687701,1
0.009687801,0
0.009687901,1
0.009688101,0
0.009689101,1
0.009689201,0
0.009689301,1
0.009689501,0
0.009689801,1
0.009689901,0
0.009690801,1
0.009691201,0
0.009691301,1
0.009691401,0
0.009691501,1
0.009691601,0
0.009692501,1
0.009692701,0
0.009693901,1
0.009694001,0
0.009695201,1
0.009695301,0
0.009696301,1
0.009696501,0
0.009697701,1
0.009697801,0
0.009698701,1
0.009698801,0
0.009698901,1
0.009699001,0
0.009700001,1
0.009700201,0
0.009701101,1
0.009701401,0
0.009702601,1
0.009702701,0
0.009703501,1
0.009703601,0
0.009703801,1
0.009703901,0
0.009704801,1
0.009704901,0
0.009705001,1
0.009705101,0
0.009705901,1
0.009706101,0
0.009706201,1
0.009706301,0
0.009707301,1
0.009707501,0
0.009708301,1
0.009708401,0
0.009708501,1
0.009708701,0
0.009709601,1
0.009709901,0
0.009710701,1
0.009710801,0
0.009711001,1
0.009711301,0
0.009711601,1
0.009711901,0
0.009803901,1
0.009804001,0
0.009804201,1
0.009804301,0
0.009804401,1
0.009804501,0
0.009804601,1
0.009805101,0
0.009805301,1
0.009805401,0
0.009805901,1
0.009806201,0
0.009806501,1
0.009806701,0
0.009806801,1
0.009807301,0
0.009807501,1
0.009807601,0
0.009809101,1
0.009809301,0
0.009809501,1
0.009809601,0
0.009810701,1
0.009810801,0
0.009811001,1
0.009811101,0
0.009811301,1
0.009811401,0
0.009812401,1
0.009812601,0
0.009812701,1
0.009812801,0
0.009812901,1
0.009813101,0
0.009814101,1
0.009814201,0
0.009814301,1
0.009814501,0
0.009814801,1
0.009814901,0
0.009815801,1
0.009816201,0
0.009816301,1
0.009816401,0
0.009816501,1
0.009816601,0
0.009817501,1
0.009817701,0
0.009818901,1
0.009819001,0
0.009820201,1
0.009820301,0
0.009821301,1
0.009821501,0
0.009822701,1
0.009822801,0
0.009823701,1
0.009823801,0
0.009823901,1
0.009824001,0
0.009825001,1
0.009825201,0
0.009826101,1
0.009826401,0
0.009827601,1
0.009827701,0
0.009828501,1
0.009828601,0
0.009828801,1
0.009828901,0
0.009829801,1
0.009829901,0
0.009830001,1
0.009830101,0
0.009830901,1
0.009831101,0
0.009831201,1
0.009831301,0
0.009832301,1
0.009832501,0
0.009833301,1
0.009833401,0
0.009833501,1
0.009833701,0
0.009834601,1
0.009834901,0
0.009835701,1
0.009835801,0
0.009836001,1
0.009836301,0
0.009836601,1
0.009836901,0
0.009928901,1
0.009929001,0
0.009929201,1
0.009929301,0
0.009929401,1
0.009929501,0
0.009929601,1
0.009929701,0
0.009930101,1
0.009930201,0
0.009930301,1
0.009930401,0
0.009930901,1
0.009931201,0
0.009931501,1
0.009931701,0
0.009931801,1
0.009932301,0
0.009932501,1
0.009932601,0
0.009934101,1
0.009934301,0
0.009934501,1
0.009934601,0
0.009935701,1
0.009935801,0
0.009936001,1
0.009936101,0
0.009936301,1
0.009936401,0
0.009937401,1
0.009937601,0
0.009937701,1
0.009937801,0
0.009937901,1
0.009938101,0
0.009939101,1
0.009939201,0
0.009939301,1
0.009939501,0
0.009939801,1
0.009939901,0
0.009940801,1
0.009941201,0
0.009941301,1
0.009941401,0
0.009941501,1
0.009941601,0
0.009942501,1
0.009942701,0
0.009943901,1
0.009944001,0
0.009945201,1
0.009945301,0
0.009946301,1
0.009946501,0
0.009947701,1
0.009947801,0
0.009948701,1
0.009948801,0
0.009948901,1
0.009949001,0
0.009950001,1
0.009950201,0
0.009951101,1
0.009951401,0
0.009952601,1
0.009952701,0
0.009953501,1
0.009953601,0
0.009953801,1
0.009953901,0
0.009954801,1
0.009954901,0
0.009955001,1
0.009955101,0
0.009955901,1
0.009956101,0
0.009956201,1
0.009956301,0
0.009957301,1
0.009957501,0
0.009958301,1
0.009958401,0
0.009958501,1
0.009958701,0
0.009959601,1
0.009959901,0
0.009960701,1
0.009960801,0
0.009961001,1
0.009961301,0
0.009961601,1
0.009961901,0
0.01,0